90s SuperHits,http://103.16.47.70:7444/;stream?type=http&nocache=10
parsa,http://parsa.icdndhcp.com:18000/stream
stockholmian,http://217.210.9.84:8000/;
Your Classical - Relax,http://relax.stream.publicradio.org/relax.mp3
Classic FM UK,http://ice-the.musicradio.com/ClassicFMMP3
Venice Classic Radio,http://174.36.206.197:8000/stream
Radio Nationale,http://rtstream.tanitweb.com/nationale
Rai Radio 3,http://icestreaming.rai.it/3.mp3
Mosaique FM,https://radio.mosaiquefm.net/mosalive
Radio Classique,http://radioclassique.ice.infomaniak.ch/radioclassique-high.mp3
Madhur Sangeet,http://node-03.zeno.fm/8kqd6dp18vzuv?rj-ttl=5&rj-tok=AAABcomG_HoAvxiwFa6wJt7aMg
Jazz Radio Classic Jazz,http://jazz-wr01.ice.infomaniak.ch/jazz-wr01-128.mp3
France Musique,http://direct.francemusique.fr/live/francemusique-midfi.mp3
Hindi - hits,http://stream.zeno.fm/m38h4nmgxs8uv
Mosaique FM Tarab,http://radio.mosaiquefm.net:8000/mosatarab
RMF Classic,http://31.192.216.8/RMFCLASSIC48
radio Bandeirantes goiania,http://suaradio2.dyndns.ws:13633/stream
caltexmusic,http://n13.radiojar.com/cp13r2cpn3quv?rj-ttl=5&rj-tok=AAABeB5OHJQA07FIiDdZAZNHWw
Mosaique FM Tounsi,https://radio.mosaiquefm.net/mosatounsi
Classic FM,http://media-ice.musicradio.com/ClassicFMMP3
MDR Klassik,http://avw.mdr.de/streams/284350-0_mp3_high.m3u
Emil Selimli,https://node-16.zeno.fm/0kgkkzanmueuv
Radio Swiss Classic German,http://stream.srg-ssr.ch/m/rsc_de/mp3_128
Radio Marca,https://sonic.mediatelekom.net/9316/stream
slowturk,https://radyo.duhnet.tv/slowturk
India Beat,http://astro4.rastream.com/india
France Musique | Classique Easy,http://direct.francemusique.fr/live/francemusiqueeasyclassique-hifi.mp3
BEAUTIFUL Instrumentals,http://s3.voscast.com:10038/
Açık Radyo,http://stream.34bit.net/ar64.mp3
BBC Radio 3,https://stream.live.vc.bbcmedia.co.uk/bbc_radio_three
قديم FM,http://usa6.fastcast4u.com:5109/live
98.7 The Master's Touch,http://icecast.eradioportal.com:8000/febc_dzfe
24/7 Bach,http://38.96.148.28:8342/stream
1.FM - Otto's Baroque Music Radio,http://strm112.1.fm/baroque_mobile_mp3
KLASSIK 1,http://icepool.silvacast.com/KLASSIK1.mp3
Classic FM UK,http://media-the.musicradio.com/ClassicFM
Radio Trinitas,http://81.196.25.70:8000/
WDR 3,http://wdr-wdr3-live.icecast.wdr.de/wdr/wdr3/live/mp3/128/stream.mp3
ČRo Vltava,http://icecast5.play.cz/cro3-128.mp3
Классик ФМ,http://80.80.222.26:8000/classicfm.ogg?_=1
Radio Clasic Mozart,http://37.251.146.169:8300/stream
Klassik Radio - Piano,http://stream.klassikradio.de/piano/mp3-320
Hi On Line Classical Radio,http://82.94.166.107:8088/
Radio Clasic Chopin,http://37.251.146.169:8024/stream
Ancient FM,https://mediaserv73.live-streams.nl:18058/stream
Bartók Rádió,http://mr-stream.mediaconnect.hu/4742/mr3hq.mp3
Whisperings Solo Piano Radio,http://pianosolo.streamguys.net/live
Klassik Radio - Pure Mozart,http://stream.klassikradio.de/mozart/mp3-128/vtuner/
Middle Eastern Classical,http://stream.zeno.fm/21dg3nty1a0uv.m3u
Michael Jackson music star,https://icy.unitedradio.it/um2908.mp3
WDR 3 HQ,http://wdr-wdr3-live.icecast.wdr.de/wdr/wdr3/live/mp3/256/stream.mp3
Salsa - Dominicana,http://radio.domiplay.net:2002/;
Rai Radio Classica Filodiffusione,http://icestreaming.rai.it/5.mp3
France Musique | Concerts Radio France,http://direct.francemusique.fr/live/francemusiqueconcertsradiofrance-hifi.mp3
Radio România Muzical,http://stream2.srr.ro:8026/
France Musique La Baroque,http://icecast.radiofrance.fr/francemusiquebaroque-hifi.aac
bldi,http://beldifm.hf.ma/radio/8000/radio.mp3
Klassik Radio - Barock,http://stream.klassikradio.de/barock/mp3-192
Calm Radio - Bach,http://streams.calmradio.com:6828/stream
Radio Classique,http://icepe1.infomaniak.ch/radioclassique-high.mp3
ABC Classic FM (MP3),http://live-radio01.mediahubaustralia.com/2FMW/mp3/;*.mp3
РАДИО ДЛЯ ВЗРОСЛЫХ,http://listen6.myradio24.com:9000/alex542888
Klassikradio - Pure Bach,http://stream.klassikradio.de/purebach/mp3-192/www.klassikradio.de/
Radio România Muzical,http://stream2.srr.ro:8022/
Radio Clasic Beethoven,http://37.251.146.169:7200/stream
Digital Impulse - Classical Channel,http://orion.shoutca.st:8978/stream
Concertzender Baroque,http://streams.greenhost.nl:8080/barok
Kulturradio,http://kulturradio.de/live.m3u
CMKC Digital - Santiago de Cuba,https://icecast.teveo.cu/C9vVPN7h
Klara,http://icecast.vrtcdn.be/klara-high.mp3
Rádió 1,https://icast.connectmedia.hu/5201/live.mp3
Radio-ILIRIDA,http://stream.zeno.fm/ny0p7tvzm7zuv
Radio Suisse Classique,http://stream.srg-ssr.ch/m/rsc_fr/mp3_128
Klasszik Rádió 92.1,http://www.klasszikradio.hu/klasszik.mp3
SRo3: Rádio Devín,http://icecast.stv.livebox.sk/devin_128.mp3
Radio Caprice - Classical Baroque,http://79.111.14.76:8002/baroque
fmplus,https://streaming.conectaapp.cl/fmplus
Radio Caprice - Classical Piano,http://79.120.39.202:9069/;
Ciudad de La Habana,https://icecast.teveo.cu/g73XCjCH
NPO Radio 4 - Concerten,http://icecast.omroep.nl/radio4-eigentijds-mp3
Concertzender Oude Muziek,http://streams.greenhost.nl:8080/oudemuziek
risefm,http://188.165.11.30:8080/risefm_rnb_hq
Swissradio.ch Classical,http://relay.publicdomainproject.org/classical.mp3
إذاعة القرآن الكريم,http://stream.radiojar.com/0tpy1h0kxtzuv
BEAUTIFULinstrumentals,http://198.245.60.88:8080/;
Chinese Music World,http://radio.chinesemusicworld.com/chinesemusic.ogg
NRK Klassisk (Høy Kvalitet),http://nrk-mms-live.telenorcdn.net/nrk_radio_klassisk_mp3_h
Classic FM 1027,http://edge.iono.fm/xice/49_medium.aac?p=embed
Saudi Aramco Studio 2 FM 101.4 Dharan,http://ice31.securenetsystems.net/STUDIO2
Calm Radio - Baroque,http://streams.calmradio.com:3328/stream
CNR-4 经典音乐广播,http://ngcdn004.cnr.cn/live/dszs/index.m3u8
National Public Radio,https://npr-ice.streamguys1.com/live.mp3
BEAUTIFUL INSTRUMENTALS,http://hydra.cdnstream.com/1822_128
Klara Continuo,http://icecast.vrtcdn.be/klaracontinuo-high.mp3
tamil,http://stream.zenolive.com/7aswfbpx25quv
Classical KDFC,https://playerservices.streamtheworld.com/api/livestream-redirect/KDFCFMAAC.aac
Hungama Bhakti Sagar,http://103.16.47.70:7777/;stream.mp3
Radio Paradise [Ogg 192k],http://stream-tx3.radioparadise.com/rp_192.ogg
Tes3enat FM,http://178.33.135.244:20095/;?DIST=TuneIn&TGT=TuneIn&maxServers=2&partnertok=eyJhbGciOiJIUzI1NiIsImtpZCI6InR1bmVpbiIsInR5cCI6IkpXVCJ9.eyJ0cnVzdGVkX3BhcnRuZXIiOnRydWUsImlhdCI6MTYzNjA1OTE3OCwiaXNzIjoidGlzcnYifQ.Me0snc2PBcQhvlzte9L7zQxa-IHgNinhu3XdNJ6_Xa8
Klassik Radio - Klassik Lounge mit Schiller,http://stream.klassikradio.de/schiller/mp3-320
Calm Radio - Mozart,http://streams.calmradio.com:7328/stream
Ambient Space,http://immortalharmony.out.airtime.pro:8000/immortalharmony_a
DirtyBass.FM,http://dirtybass.fm:8000/dirtybass.mp3
Klassik Radio - Pure Beethoven,http://stream.klassikradio.de/beethoven/mp3-128/
ČRo D-dur,http://icecast5.play.cz/croddur-128.mp3
Madhur Sangeet,http://node-22.zeno.fm/8kqd6dp18vzuv?rj-ttl=5&rj-tok=AAABcdYiGRsAE9lbFPx1TNRUIA
109.0 FM Christmas Kids,http://stream.dar.fm/97821
Forest Green Radio,http://s1.streamaudio.de:8000/forest-green
Your Classical - Peaceful Piano,http://peacefulpiano.stream.publicradio.org/peacefulpiano.mp3
RTÉ Lyric FM,http://av.rasset.ie/av/live/radio/lyric.m3u
Public Domain Classical,http://relay.publicdomainproject.org/classical.mp3.m3u
Gospel Music Radio Srilanka,http://stream.zeno.fm/emsfpc2m7x8uv
Alyaman Alaraby,http://www.radioma3ak.com:8100/
Owaz,http://217.174.238.20:8000/music.mp3
Radio Amra,https://streamer.radio.co/s34b5469e0/listen
France Musique | Classique Plus,http://direct.francemusique.fr/live/francemusiqueclassiqueplus-hifi.mp3
Calm Radio - Flute,http://streams.calmradio.com:4828/;
Calm Radio - Violin,http://streams.calmradio.com:4528/stream
ABC Classic 2 Stream (AAC),http://live-radio01.mediahubaustralia.com/FM2W/aac/
ABC Classic FM (AAC),http://live-radio01.mediahubaustralia.com/2FMW/aac/
Medi 1 Classique,http://live.medi1.com/Classique
risefm hithouse,http://188.165.11.30:8080/risefm_hithouse_lq
Air Rainbow 100.7 FM in Lucknow,https://air.pc.cdn.bitgravity.com/air/live/pbaudio047/playlist.m3u8
Klassik Radio - Opera,http://stream.klassikradio.de/opera/mp3-128/www.klassikradio.de/
Kurd Fm,http://radio.kurdfm.com:4747/;
CEU Medieval Radio,http://137.74.85.85:7020/;stream
Radio Vocea Sperantei,http://rvs.crestin.tv:8006/play
النهج الواضح,https://node33.obviousapproach.com:9000/stream
Klassik Radio - Klassik Dreams,http://stream.klassikradio.de/dreams/mp3-128/
Nidaa FM,http://nidaa.fm:8811/stream.mp3
RMF Chopin,http://31.192.216.8/CHOPIN
crooner Radio julio iglesias,http://stream.crooner.fr/crooner_julioiglesias
REAL FM RELAX,http://realfm.net:9500/rfr
9jastar,http://eu4.fastcast4u.com:5026/stream
- 0 N - Movies on Radio,https://0n-movies.radionetz.de/0n-movies.mp3
Radio Art - Classical for sleep,http://live.radioart.com/fClassical_for_sleep.mp3
Classical Jazz Radio,https://fred.torontocast.com:1520/stream
Chinese Music World,https://radio.chinesemusicworld.com/chinesemusic.ogg
SR 2 KulturRadio,http://streaming01.sr-online.de/sr2_2.m3u
Kurdm Radio,http://pollux.shoutca.st:8842/;
ШАНСОН БЕЗ ЦЕНЗУРЫ [CHANSONUNCENSORED],http://chanson.hostingradio.ru:8041/chanson-uncensored128.mp3
Victoria - Las Tunas,https://icecast.teveo.cu/F9tgnJVT
Repete,http://stream.rusyn.fm/rusyny-low.mp3
Quran 100 FM,http://m.live.net.sa:1935/live/quransa/playlist.m3u8
Concertzender Gregoriaans,http://streams.greenhost.nl:8080/gregoriaans
Amuludun,http://boxradio.link:5312/stream/;
eflex9ja FM,http://proxima.shoutca.st:8611/stream
357,http://stream.rcs.revma.com/ye5kghkgcm0uv
Radio Metal ON: The Trasher,https://radiometalon.com/radio/8020/radio.mp3.xspf
UFM,http://69.61.26.75:8000/;
Bhakti World,http://gurbani.out.airtime.pro:8000/gurbani_a
UN Radio Bogotá (HJUN 98.5 MHz FM) Universidad Nacional de Colombia,http://streaming.unradio.unal.edu.co:8010/listen.pls
Sunday Baroque,http://wshu.streamguys.org/wshu-baroque
Linn Classical,http://radio.linn.co.uk:8004/autodj.m3u
"Radio Marconi 2 ""Musica Clasica""",http://onair22.streaming.xdevel.com:7598/;stream.mp3
汽车音乐1029·河北经典音乐广播,http://lhttp.qingting.fm/live/5021743/64k.mp3
Радио Орфей 99.2 FM,http://orfeyfm.hostingradio.ru:8034/orfeyfm192.mp3
Mix FM,http://s2.voscast.com:11376/live
RADIO LA INOLVIDABLE 93.7 FM (PERU),https://24943.live.streamtheworld.com/CRP_LI_SC?
De Corazón a Corazón Tu Radio,http://stream.zeno.fm/g4549vb2a5zuv
risefm deep,https://stream1.virtualisan.net/prx/8080/risefm_deephouse_hq
РАДИО МУЗЫКА ДЛЯ МЕДИТАЦИИ,http://i-radio.info:8050/radio
Sur Sagar,http://174.36.206.197:7146/stream
Japan-a-Radio,http://www.japanaradio.com/free/48kaacp.pls
Señal Clásica (RTVC / Radio Nacional de Colombia),http://shoutcast.rtvc.gov.co:8040/;
Calm Radio - Chamber Music,http://streams.calmradio.com:7528/stream
Shabelle,http://node-30.zeno.fm/rekn0d4cs2zuv?rj-ttl=5&rj-tok=AAABeUE8HqMA1-3QPrwBwagmiA
Al jazeera,http://live-hls-audio-web-aja.getaj.net/VOICE-AJA/01.m3u8
risefm classik,http://188.165.11.30:8080/risefm_classic_hq
181.FM - Classical Music,http://www.181.fm/stream/pls/181-classical.pls
Calm Radio - Vivaldi,http://streams.calmradio.com:8928/stream
Gold Instrumental,https://centova.svdns.com.br:19373/stream/2/
تفسير القرآن الكريم,https://qurango.net/radio/tafseer
RADIO NORA OLDIES,"https://streams.norawebstreams.de/nora-oldies/mp3-192/homepage/?mode=preroll&aw_0_req.gdpr=true&aw_0_1st.kuid=vhyh95oqv&aw_0_1st.ksg=[%22tsrazhtr3%22,%22tow60dxfp%22,%22s7lqc5jxe%22,%22upxsvbudn%22,%22uphudti45%22,%22tz4swml9u%22,%22s697d7eir%22,%22s7ljhri17%22,%22s7lo2do21%22,%22s7lqvksor%22,%22s7ltd00sq%22,%22s7lul8vls%22,%22s7lvpn712%22,%22s7lwsqck7%22,%22s78nn0wkd%22,%22s71hrmzou%22,%22s8cm9eyzj%22,%22s8siicaeb%22,%22takaaes6u%22,%22ti505y9ml%22,%22tan9djjrm%22,%22ti54veycf%22,%22tow80eky2%22,%22uchw4pz1v%22]&listenerid=05ee3bdeb60ce97b7b5a8d8261306b0b&awparams=companionAds%3Atrue"
Laut.FM Chillharmonie,https://chillharmonie.stream.laut.fm/chillharmonie
MDR Kultur Klassik im Konzert,http://avw.mdr.de/streams/284311-0_mp3_high.m3u
Your Classical Chamber Music,https://chambermusic.stream.publicradio.org/chambermusic.mp3
Christmas Radio,http://xmasfm1.dmd2streaming.com/christmasradiofm-128.mp3
RTBF Musiq3,https://radios.rtbf.be/musiq3-128.aac
إذاعة القرآن الكريم,http://stream.radiojar.com/0tpy1h0kxtzuv
Radio Art - Piano for Sleep,http://air.radioart.com/fPiano_for_sleep.mp3
Radio Swiss Classic 106.9 FM,"http://www.surfmusik.de/m3u/station/radio-swiss-classic-106-9-fm,2007.m3u"
FLAIXBAC,https://flaixbac.streaming-pro.com:8007/flaixbac.mp3
Rock antenne soft Rock (64),http://mp3channels.webradio.rockantenne.de/soft-rock.aac
Concertzender Geen dag zonder Bach,http://streams.greenhost.nl:8080/bach
Baydhabo Radio,http://node-16.zeno.fm/yxsfn746kg8uv?rj-ttl=5&rj-tok=AAABePNq7C8AF8qfUBWW8eSgHA
100 GREATEST CLASSICAL MUSIC,http://62.171.171.202:8140/radio.mp3
Calm Radio - Schubert,http://streams.calmradio.com:8228/stream
Radio Caprice - Saxophone,http://79.120.77.11:8000/saxophone?
CNN RADIO ARG.,https://estudio.cnnradioargentina.com.ar/stream
قناة القرآن الكريم السعودية,http://mediaserver2.islamicity.com:8000/SaudiTVArabic
deutschrap TRAP,http://stream.laut.fm/deutscherrap
TRT Nagme,https://ssl4.radyotvonline.com/radyohome/trtnagme.stream_aac/playlist.m3u8
Radio Mozart Italia,http://onair15.xdevel.com:7064/1/;
DR P2,http://live-icy.gss.dr.dk/A/A04H.mp3.m3u
إذاعة القرآن الكريم,http://stream.radiojar.com/0tpy1h0kxtzuv
"Radio Bolivariana FM (HJA94, 92.4 MHz FM, Medellín) Universidad Pontificia Bolivariana",http://streaming.radiobolivarianavirtual.com:7630/
Radio Art - J.S.Bach,http://live.radioart.com/fBach.mp3
Klassik Radio - Games,http://stream.klassikradio.de/games/mp3-128/
Your Classical - Choral,http://choral.stream.publicradio.org/choral.mp3
DEEPHOUSE,https://stream1.rdstrm.com/deep-house-radio-dance-music.mp3
Cem Radyo,https://yayin2.canliyayin.org:10924/;
Radio Risaala,http://stream.zeno.fm/3xk17bzdd3quv
Klassik Radio - Till Brönner,http://stream.klassikradio.de/tillbroenner/mp3-128/
BBC Radio 3,http://a.files.bbci.co.uk/media/live/manifesto/audio/simulcast/hls/nonuk/sbr_low/ak/bbc_radio_three.m3u8
ABC Classic 2 Stream (MP3),http://live-radio01.mediahubaustralia.com/FM2W/mp3/
Kerala Radio Mumbai,https://node-20.zeno.fm/94zh55546qzuv.aac?rj-ttl=5&rj-tok=AAABdD5IjAoATRhbqSEdnGo5Sw
Radio-VIZBEGU,http://stream.zeno.fm/8k3sh2wzm7zuv
Organlive - Organ Music,http://play.organlive.com:7000/192
Champion's Circle Radio,http://stream.zeno.fm/tx4fu0qn11zuv
Calm Radio - Johann Strauss II,http://streams.calmradio.com:8328/stream
Radio Caprice - Medieval Music,http://213.141.131.10:8000/medieval
Radio Caprice - Cello / Violoncelo,http://79.111.14.76:8002/cello
Klassik Radio - Legenden der Klassik,http://stream.klassikradio.de/legenden/mp3-128
القارئ علي الحذيفي رواية قالون,https://qurango.net/radio/ali_alhuthaifi_qalon
"KUSC 91.5 Los Angeles, CA (96kbps AAC)",http://96.aac.pls.kusc.live/
Enamorados,https://node-20.zeno.fm/b594gnc1fnruv.aac?rj-ttl=5&rj-tok=AAABdAo02tgAZi1na9IQnK30tw
ESTUDIO FM FLASH BACK,http://stream.zeno.fm/f7p7wg20zf8uv
"WQXR New York Public Radio ""Operavore"" Stream",http://opera-stream.wqxr.org/operavore-tunein
ДЕТСКОЕ РАДИО [DETSKOE RADIO BABY FM,http://a5.radioheart.ru:8012/nonstop
Bru Zane Classical Radio,http://188.165.11.220/;
Klassik Radio - New Classics,https://stream.klassikradio.de/newclassics/mp3/Miquido
disco diamond 2,http://discodiamond.radioca.st/stream
Minnesota Public Radio Classical Music Stream,http://ycradio.stream.publicradio.org/ycradio.mp3
Klassik Radio - Rock meets Klassik,http://stream.klassikradio.de/rockclassic/mp3-128/www.klassikradio.de/
France Musique Classique Easy,http://icecast.radiofrance.fr/francemusiqueeasyclassique-hifi.aac
Polskie Radio - Chopin (Radio Chopin) (AAC+),http://stream3.polskieradio.pl:8960/;
"Clarinet, oboe, bassoon",http://213.141.131.10:8002/clarinet
Calm Radio - Cello,http://streams.calmradio.com:4628/stream
Zaman al wasl,http://zamanalwaslradio.out.airtime.pro:8000/zamanalwaslradio_b
TRT FM,https://ssl4.radyotvonline.com/radyohome/trtfm.stream_aac/playlist.m3u8
RADIO PODER RETRO 90.1,http://192.99.232.79:8052/
Радио Классик Classic Gold,http://jfm1.hostingradio.ru:14536/gcstream.mp3
Radio-MESHIRA,http://stream.zeno.fm/ru8fmr02v7zuv
Clam Radio - Solo Piano & Guitar,http://streams.calmradio.com:30228/
Radio Swiss Classic French,http://www.radioswissclassic.ch/fr/live/aacp.m3u
قناة السنة النبوية السعودية,http://mediaserver2.islamicity.com:8000/SaudiTVEnglish
Exclusively Strauss,http://streaming.exclusive.radio/er/strauss/icecast.audio
Klassik Radio - Pure Verdi,http://stream.klassikradio.de/verdi/mp3-128/
"Radio Esfahan,",http://altcdn.iranseda.ir:1935/channel-live/smil:r-esfahan/playlist.m3u8
Ars,http://mp3.rtvslo.si/ars
Radiomar,http://18323.live.streamtheworld.com/CRP_MAR.mp3?dist=20004
Klassikradio - Barock,http://stream.klassikradio.de/barock/mp3-192/www.klassikradio.de/
Yön Radyo,https://stream.radyolarburada.com/radio/8020/yonradyo
el Conquistador,https://stream10.usastreams.com:10989//;
Exclusively Mozart,http://streaming.exclusive.radio/er/mozart/icecast.audio
Cinescore,http://ice55.securenetsystems.net/DASH29
Radio Art - Guitar,http://air-tunein.radioart.com/fGuitar.mp3
Radio Svizzera Classica,http://stream.srg-ssr.ch/m/rsc_it/mp3_128
تراتيل,https://qurango.net/radio/tarateel
Calm Radio - Symphony,http://streams.calmradio.com:1028/stream
Exclusively Beethoven,http://streaming.exclusive.radio/er/beethoven/icecast.audio
RauteMusik Solopiano,http://solopiano-high.rautemusik.fm/
Radyo Ekin,http://yayin.turkhosted.com:6006/
ITU College Radio -Classical,http://160.75.86.29:8088/stream/5/
Radio Caprice - Symphony,http://79.111.14.76:9079/;
Borusan Klasik,http://provisioning.streamtheworld.com/pls/BORUSAN_KLASIKAAC.pls
Avrasya Türk Radyo,https://sslyayin.netyayin.net:10909/
إذاعة النهج الواضح,https://node33.obviousapproach.com:9000/stream
Latvijas Radio 3 - Klasika,http://lr3mp0.latvijasradio.lv:8004/;
المختصر في التفسير,https://qurango.net/radio/mukhtasartafsir
Exclusively 50's,https://streaming.exclusive.radio/er/50s/icecast.audio
Radio Chopin,http://stream3.polskieradio.pl:8910/
Classic FM,http://classicfm.ice.infomaniak.ch/classic-fm.mp3
RADYO VOYAGE,http://voyagewmp.radyotvonline.com/;
Radio Clasic Tchaikovscky,http://37.251.146.169:7300/stream
"KRFA 91.7 Northwest Public Radio NPR & Classical Music - Moscow, ID",http://streams.nwpr.org:8000/NWPRCLASSICAL
Radio-SARA,http://stream.zeno.fm/rgpyrqanzhhvv
MDR Klassik (AAC),http://avw.mdr.de/streams/284350-0_aac_high.m3u
Allzic Radio Classic,http://allzic06.ice.infomaniak.ch/allzic06.mp3
Old Radio,https://sounder.ovh:9270/autodj?fbclid=IwAR1AVMAcgkeg3bTIGM8Z1B7MQ5lr3Fagu8pbx5Hcp9DwPFHllsyI8IlA8Is
Calm Radio - Wagner,http://streams.calmradio.com:11428/stream
"WCRB  99.5 ""Classical New England"" Lowell, MA",http://audio.wgbh.org:8004/
Concertzender Klassieke Muziek,http://streams.greenhost.nl:8080/klassiek
"Clásica 88.5 (HJSA, 88.5 MHz FM, Cali)",http://69.30.243.166:9434/listen.mp3?0.6178945254749736
1001 CLASSIC COLLECTION,https://jenny.torontocast.com:2000/stream/1001classiccollection
Javeriana Estereo 91.9 Bogota | (Hablada Español),http://lira.servidoranonimo.org/proxy/javerian?mp=/stream
Radio Swiss Classic German,http://www.radioswissclassic.ch/de/live/aacp32.m3u
Exclusively Chopin,http://streaming.exclusive.radio/er/chopin/icecast.audio
coronita fm,http://stream.zeno.fm/ktzdc7rf7f0uv
Kurd1,https://www.radioking.com/play/kurd1-radyo
Halk Radyo,https://anadolu.liderhost.com.tr:10876/;
قراءات متنوعة,https://qurango.net/radio/mix
ERR Klassikaraadio,http://icecast.err.ee/klassikaraadio.mp3
Viva Italo Disco,http://us3freenew.listen2myradio.com:4374/;stream.nsv
Radio Suisse Classique,"http://www.surfmusik.de/m3u/station/radio-suisse-classique,16403.m3u"
Shalom Info,http://stream.zeno.fm/a0kvrgmcqm0uv
Radio Caprice - Neoclassical Music,http://79.120.39.202:8002/neoclassical
InterStacja - Eurodance,http://4stream.pl:18180/;stream.nsv
Radyo Bozcaada,http://radyobozcaada.canliyayinda.com:4000/listen.pls
Радио Классик Essential Classic,http://jfm1.hostingradio.ru:14536/ecstream.mp3
佛山电台真爱946,https://play.radiofoshan.com.cn/live/1400389414_BSID_46_audio.m3u8
Classical Guitar Radio,https://livessl.rcast.net/stream/65641.mp3
Your Classical - Lullabies,http://lullabies.stream.publicradio.org/lullabies.mp3
WGBH Boston Symphony Orchestra,http://audio.wgbh.org:8106/BSOConcert-8106
Erzincan Cem Radyo,https://erzincan.80.yayin.com.tr/stream
Radio Caprice - Modern Classical,http://79.120.39.202:8002/modernclassical
Exclusively Wagner,http://streaming.exclusive.radio/er/wagner/icecast.audio
Catalunya Música (CatMúsica),https://shoutcast.ccma.cat/ccma/catalunyamusicaHD.mp3
RCO Concertgebouworkest webradio,http://rrr.sz.xlcdn.com/?account=RCOLiveWebradio&file=mp3-192&type=live&service=icecast&port=8000&output=pls
Ancient Faith Radio,https://ancientfaith.streamguys1.com/music
AMADEUS,http://18.220.84.192:8484/;
CHILLOUT PIANO by Epic Piano,https://stream.epic-piano.com/chillout-piano?ref=radiobrowser
RSI Rete Due,http://stream.srg-ssr.ch/m/retedue/mp3_128
OpenFM - Muzyka Klasyczna,http://stream.open.fm/67
Christmas FM Classical & Carols,https://christmasfm.cdnstream1.com/2549_64.aac
radio coran,http://n0b.radiojar.com/0tpy1h0kxtzuv?
Pir Yolu,http://radyopiryolu.canliyayinda.com:8165/
WCPE TheClassicalStation,http://audio-ice1.ibiblio.org:8000/wcpe128.aac
Pal Doğa,http://shoutcast.radyogrup.com:1040/;*.mp3
CNN Türk,https://radyo.duhnet.tv/cnnturk?/;stream.mp3/;stream.mp3
WQXR Q2 New York Public Radio,http://q2stream.wqxr.org/q2
FLAIX FM,https://flaixfm.streaming-pro.com:8001/flaixfm.mp3
RT1 Eurodance,http://mp3.hitradiort1.c.nmdn.net/rt1eurodancewl/livestream.mp3
佛山电台飞跃924,https://play.radiofoshan.com.cn/live/1400389414_BSID_42_audio.m3u8
إذاعة سبيل الأنبياء,https://radio.al7eah.net/8042/stream
Emisora Cultural de Pereira RAC (Remigio Antonio Cañarte) (HJB44 97.7 FM),http://univirtual.utp.edu.co:8000/
"WIPR ""Allegro 91.3"" San Juan",http://192.254.105.36:8080/broadwavehigh.mp3?src=1
Calm Radio - Tchaikovsky,http://streams.calmradio.com:8728/stream
Oasis,http://19013.live.streamtheworld.com/CRP_OAS.mp3?dist=20004
German Radio & Television Denver,http://91.121.65.37:24906/;
VoiceAmerica Internet Talk Radio,http://ice8.securenetsystems.net/BUSINESS
KOCiL FM,http://stream.zenolive.com/skv3fbeh64zuv.aac
Opera Highlights,http://prem2.classicalradio.com/operahighlights?b1e8ab696a279ebb68c48cab
"KBAQ 89.5 ""K-Bach"" Classical - Phoenix, AZ",http://stream.kbaq.org/kbaq_mp3_128
ESTUDIO FM GOSPEL,http://stream.zeno.fm/94adwcqw7k0uv
Kulturradio (48 kbit/s),http://www.kulturradio.de/live_s.m3u
Your Classical - Favorites,https://favorites.stream.publicradio.org/favorites.mp3
Radio Art - Film Scores,http://air.radioart.com/fFilm_scores.mp3
101.ru - French Chanson,http://ic6.101.ru:8000/stream/pro/aac/64/146
Radio nida alislam,http://n05.radiojar.com/59096z743d0uv?rj-ttl=5&rj-tok=AAZBfqTS3R8Zo-MbNKypObvbjA
Tropical-Tarapoto,https://shoutcast.tmcreativos.com/proxy/radiotropical?mp=/stream
Radio Art - Antonio Vivaldi,http://air.radioart.com/fVivaldi.mp3
Sad Perú,http://node-13.zeno.fm/2kma2c011uquv?rj-ttl=5&rj-tok=AAABdApB9sMAVNTCArM6vunMvA
Veronika,http://play.global.audio/veronika.aac
noise fm,http://noisefm.ru:8000/play_256
Radio Symphony,https://streaming.radiostreamlive.com/radiosymphony_devices
Radio Tarana,http://peridot.streamguys.com:7150/Tarana.aac
Can Radyo,http://yayin1.yayindakiler.com:3124/;
Baragua - Palma Soriano,https://icecast.teveo.cu/3CMM7zph
0nlineradio BACH,https://stream.0nlineradio.com/bach?ref=radiobrowser
superdj radio,http://stream.diazol.hu:35150/stream
Radio Art - Classical Relaxation,http://air.radioart.com/fClassical_relaxation.mp3
Radio Wombat,http://s.streampunk.cc/wombat.ogg
WQXR 105.9 FM,https://stream.wqxr.org/wqxr-web?nyprBrowserId=32c67956bf1d5600
France Musique,http://direct.francemusique.fr/live/francemusique-hifi.aac?ID=radiofrance
MeloRadio,https://ml.cdn.eurozet.pl/mel-net.mp3
Whisperings Solo Piano Radio,https://pianosolo.streamguys1.com/live
Klassikradio - New Classics,http://stream.klassikradio.de/newclassics/mp3-192/www.klassikradio.de/
İTÜ Radyosu Klasik,http://160.75.86.29:8088/ituklasikmp3
Radio Art - Nature,http://air.radioart.com/fNature.mp3
إذاعة نداء الإسلام,http://stream.radiojar.com/59096z743d0uv
Hitz 90s FM,https://stream.zeno.fm/1q3dwmd6yf8uv
Calm Radio - Debussy,http://streams.calmradio.com:10228/stream
Новое радио,https://live.novoeradio.by:444/live/novoeradio_aac128/icecast.audio
Venice Classic Radio *LIVE,http://116.202.241.212:8020/
Clásica FM Radio,http://edge.mixlr.com/channel/asnfw
גלגלצ להיטים חמים,http://glzwizzlv.bynetcdn.com/glglz_hits_mp3?awCollectionId=misc&awEpisodeId=glglz_hits
BiblioWave - музика для читання,http://62.122.205.35:8000/radio.mp3
- 0 N - Klassik on Radio,https://0n-klassik.radionetz.de/0n-klassik.mp3
"Radio 100,7",http://100komma7.cast.addradio.de/100komma7/live/mp3/128/stream.mp3
Radyo Alaturka,https://yayin.jumboserver.net:9110/stream
Klassik Radio - Live,https://live.streams.klassikradio.de/klassikradio-deutschland/stream/mp3
Pazarcık,http://yayin.pazarcikfm.com:9090/
Radio Art - Chopin,http://air.radioart.com/fChopin.mp3
Classical KUSC,https://playerservices.streamtheworld.com/api/livestream-redirect/KUSCAAC64.aac
Exclusively Verdi,http://streaming.exclusive.radio/er/verdi/icecast.audio
تفسير السعدي,https://server03.quran.com.kw:7004/;*.mp3
Adagio.FM,http://hi5.adagio.fm/;stream.mp3
Montecarlo,https://radiolatina.live:10965/
RauteMusik Klassik,http://klassik-high.rautemusik.fm/
Golden Days Radio,http://1.ice1.firststreaming.com/gndr_fm.aac
NDR Kultur Belcanto,http://www.ndr.de/resources/metadaten/audio/m3u/ndrloop2.m3u
"WRTI 90.1 Temple University - Philadelphia, PA Classical Program",http://playerservices.streamtheworld.com/m3u/WRTI_CLASSICAL.m3u
Gundi Fm,http://gundifm.ozelip.com:7830/;
Radio Caprice - Strings,http://79.120.39.202:9133/
Radio Caprice - Contemporary Classical,http://79.111.119.111:8002/contclass
Classic21,http://radios.rtbf.be/classic21-128.mp3
"KSJN 99.5 ""Classical Minnesota Public Radio"" Minneapolis-St. Paul, MN",http://cms.stream.publicradio.org/cms.mp3
Radyo Dem,https://yayin.radyodem.com:8000/
Radio Swiss Classic Italian,http://www.radioswissclassic.ch/it/live/aacp32.m3u
Radio Gilan,http://altcdn.iranseda.ir:1935/channel-live/smil:r-rasht/playlist.m3u8
Radio Caprice - Harp,http://213.141.131.10:8000/harp
Turkuaz Anadolu,https://trkvz-radyolar.ercdn.net/turkuvazanadolu/playlist.m3u8
Smooth Jazz,https://smoothjazz.cdnstream1.com/2585_320.mp3
Radio Art - Ludwig Beethoven,http://air.radioart.com/fBeethoven.mp3
MDR Kultur Klassik im Konzert (AAC),http://avw.mdr.de/streams/284311-0_aac_high.m3u
RTVS,http://icecast.stv.livebox.sk/slovensko_128.mp3
Calm Radio-Opera,http://streams.calmradio.com/api/59/128/stream
RADIO CLASIC MOZART,http://clasicradio.ro:8300/stream/1/
Classical avant-garde - Radio Caprice,http://213.141.131.10:8004/classavant
Radio Classica Brazil,https://streaming.livebroadcast.biz/radio/8010/classica
louvor eterno,https://player.srvstm.com/proxy/7750/;
Classical WETA 90.9 FM,https://playerservices.streamtheworld.com/api/livestream-redirect/WETAFM.mp3
Radio Art - Gregorian Chants,http://air.radioart.com/fGregorian_chants.mp3
Radio Swiss Classic Italian,http://www.radioswissclassic.ch/it/live/aacp.m3u
إذاعة زدني العلمية,http://zradio.bhosting.cc:8005/stream
Guitarra Clasica,http://node-15.zeno.fm/qbhvtm7tzwzuv?rj-ttl=5&rj-tok=AAABe9FAsR4AmLP-MVTIaDMIWQ
Radio Neptune,http://icecast.infini.fr:8000/neptune
0nlineradio BEETHOVEN,https://stream.0nlineradio.com/beethoven?ref=radiobrowser
TRT FM,https://radio-trtfm.live.trt.com.tr/master.m3u8
إذاعة محمد أيوب,https://qurango.net/radio/mohammed_ayyub
JP Clássica - Jovem Pan,http://6d9a.webradio.upx.net.br:9970/stream
Ottava,http://ottava2.out.airtime.pro:8000/ottava2_a
Radio Art - Bach,http://air.radioart.com/fBach.mp3
La Best Mix-Moyobamba,http://node-23.zeno.fm/v1qe5y1vetzuv?rj-ttl=5&rj-tok=AAABc_pomJMAsLliLiG2yIvWiQ
"WFIU 103.7 Indiana Public Media - Bloomington, IN",http://hannibal.ucs.indiana.edu:8000/wfiu_hi
Denge Gundeme,http://kesintisizyayin.com:1656/
Voz de América Noticias,http://voa18.akacast.akamaistream.net/7/690/437800/v1/ibb.akacast.akamaistream.net/voa18
Fine Music Radio,http://edge.iono.fm/xhls/fmr_live_medium.m3u8
Hi On Line Radio - Classical,http://mediaserv30.live-streams.nl:8088/live
ميراث الأنبياء,https://radio.al7eah.net/8010/stream
"Vermont Public Radio ""VPR Classical""",http://vprclassical.streamguys.net/vprclassical64.aac
"WFMT 98.7 Chicago, IL (AAC)",http://wowza.wfmt.com/live/smil:wfmt.smil/playlist.m3u8
G09 SOLO PIANO DE,http://de-hz-fal-stream04.rautemusik.fm/solopiano
радиола,https://radiola.hostingradio.ru/radiola_nno_64.aac
Organ Works,http://prem2.classicalradio.com/organworks?b1e8ab696a279ebb68c48cab
MDR Klassik (low),http://avw.mdr.de/streams/284350-0_mp3_low.m3u
Venice Classic Radio *LIVE,http://116.202.241.212:8020/stream
Klassik Radio Bach,https://stream.klassikradio.de/purebach/aac-64/radiode/
Classic FM,http://live.btvradio.bg/classic-fm.mp3.m3u
Radio Solar Algarve Abufeira,http://5.189.189.245:8006/
CyC Radio (Instituto Caro y Cuervo),https://stream.radio.co/s978e5f6bd/listen
Classic NL,https://playerservices.streamtheworld.com/api/livestream-redirect/CLASSICFM.mp3
naxi radio - classical,http://naxidigital-classic128.streaming.rs:8030/;stream.nsv
إذاعة ميراث الأنبياء,https://radio.al7eah.net/8028/;
Tezene,http://37.247.98.8/stream/22/.mp3?%26token=Bsx3vK2u28-xMp98IZDV2Q%26expires=1618686860%27%20type=%27audio/mp3%27&rd2=%27https://radyo.vip/stream
Los 40 Classic,https://20723.live.streamtheworld.com/LOS40_CLASSIC_SC
Rete Toscana Classica,https://stream.retetoscanaclassica.it:8443/source
KISS FM,https://kissfm.kissfmradio.cires21.com/kissfm.mp3
"KQAC 89.9 ""All Classical Portland"" Portland, OR (96 kbps AAC)",http://allclassical-ice.streamguys.com/ac96k
Maxi Mix,http://node-26.zeno.fm/znv7mhnuaxquv?rj-ttl=5&rj-tok=AAABdAo3l1oAwK3bQVH0hQBHqQ
Радио Орфей (Radio Orpheus),https://orfeyfm.hostingradio.ru:8034/orfeyfm192.mp3
Radio Caprice - Renaissance Music,http://213.141.131.10:8000/renaissance
Nova Bordeaux,https://snb.ice.infomaniak.ch/snb-high.mp3
Capital Public Radio Classical,http://playerservices.streamtheworld.com/m3u/ClassicalStream.m3u
esRADIO,https://libertaddigital-radio-live1.flumotion.com/libertaddigital/ld-live1-med.aac?listenerid=0c6b1192515b0c9e2f0697d3ecbf43c6&awparams=companionAds%3Atrue&aw_0_1st.version=1.1.7%3Ahtml5&aw_0_1st.playerid=jPlayer%202.9.2&aw_0_1st.skey=1601646790
Radio Swiss Classic French,http://www.radioswissclassic.ch/fr/live/aacp32.m3u
Classical Guitar Northwest,http://radio.ericksons.net:8000/cgnw
RADIO FAUSTEX INSTRUMENTAL,http://78.129.139.48:8084/
Radio Art - Joseph Haydn,http://air.radioart.com/fJoseph_haydn.mp3
LV12 Tucumán,http://184.107.35.153:8032/stream
101 ru enigmatic,https://101.ru:8143/?date=201405&hash=1979c180fe0ba452a76f00d8a0f0c452&start=209
"WGUC ""Classical 90.9"" Cincinatti, OH",http://cpr2.streamguys.net/wguc
Радио Сектор / Sector Nota (flac),http://89.223.45.5:8000/nota-flac
classical piano,https://cms.stream.publicradio.org/cms.aac
Radio Caprice - Sonatas,http://213.141.131.10:8000/sonata
Soundtrack Radio,https://igor.torontocast.com:1795/stream
Cruisin USA Radio,http://8.43.54.31:8844/
Clubbers,http://s3.slotex.pl:7300/
Belami radio,http://92.60.230.200:5040/listen.pls
Fm Kottarakkara,https://stream.zeno.fm/gqdb1rev5s8uv
Radio-Classique,https://www.radioking.com/play/radio-classique/271810
0nlineradio SCHUBERT,https://stream.0nlineradio.com/schubert?ref=radiobrowser
Calm Radio - Prokofiev,http://streams.calmradio.com:16928/stream
Alem Fm,https://turkmedya.radyotvonline.net/alemfmaac
Radio del Hogar de la Brisa,http://stream.zeno.fm/4vwgvyq82k8uv
Radio Art - Baroque,http://air.radioart.com/fBaroque.mp3
0nlineradio CLASSIC ROCK,https://stream.0nlineradio.com/classic-rock?ref=radiobrowser
SR 2 KulturRadio (56 kbit/s),http://streaming01.sr-online.de/sr2_1.m3u
CHOPIN by Epic Piano,https://stream.epic-piano.com/chopin?ref=radiobrowser
novii,http://s37.myradiostream.com:8120/
Radio Art - Mozart,http://air.radioart.com/fMozart.mp3
怀集音乐之声,https://lhttp.qingting.fm/live/4804/64k.mp3
Klassik Xmas,http://stream.laut.fm/klassik-xmas
"Radio Universidad Tecnica Federico Santa Maria (Valparaiso, Chile)",https://streamssl.eu:1288/stream
Dost Radyo,http://yayin1.yayindakiler.com:3156/;
Calm Radio - Richard Strauss,http://streams.calmradio.com:19328/stream
"WRR Classical 101.1 Dallas, TX",http://playerservices.streamtheworld.com/m3u/WRRFMAAC.m3u
Xtrema-Chachapoyas,http://node-31.zeno.fm/v2ah096xywzuv.aac?rj-ttl=5&rj-tok=AAABc_pWrSsAoHVwZntGJ1ILxg
Classical King FM - Evergreen Channel,https://classicalking.streamguys1.com/evergreen-aac-128k
- 0 N - Movies on Radio,https://0n-movies.radionetz.de/0n-movies.aac
بينونة القرآن الكريم,https://radio.baynoona.net:9001/stream
Rai Radio Classica (AAC 128kbps),http://mediapolis.rai.it/relinker/relinkerServlet.htm?cont=173832
Radio Metal ON: The Brutal,https://radiometalon.com/radio/8010/radio.mp3.xspf
Calm Radio - Brahms - Sampler,http://streams.calmradio.com/api/287/128/stream/;
Amed Radyo,http://radyo.amedradyotv.net:8000/
Onur Radyo,http://anadolu.liderhost.com.tr:8094/
Radio Art - George Handel,http://air.radioart.com/fGeorge_handel.mp3
Fm rainbow Coimbatore,https://air.pc.cdn.bitgravity.com/air/live/pbaudio017/playlist.m3u8
Calm Radio - Oboe,http://streams.calmradio.com:25028/stream/1/Calm%20Radio
RTS Espace 2,http://stream.srg-ssr.ch/m/espace-2/aacp_96
0nlineradio VIVALDI,https://stream.0nlineradio.com/vivaldi?ref=radiobrowser
Радио Классик Classic Vocals,http://jfm1.hostingradio.ru:14536/cvstream.mp3
KPBS-HD2 Classical San Diego,http://kpbs.streamguys1.com/kpbs-mp3
011.FM - Holiday Instrumental,http://listen.011fm.com/stream33
Emisora HJUT | Universidad de Bogotá Jorge Tadeo Lozano,http://hjut.utadeo.edu.co:8000/;emisora-hjut.mp3
Denge Mef,https://dengemed.stream.laut.fm/dengemed
تفسير بن عثيمين رحمه الله تعالى,https://qurango.net/radio/tafseer
Houston Public Media - Classical (KUHF),http://hpm.streamguys1.com/classical-mp3.m3u
Radyo Slow Time,http://46.20.7.103:8040/;
Med Radyo,http://medradyo.kesintisizyayin.com:8062/listen.pls
النهج الواضح,https://node33.obviousapproach.com:9000/stream
Exclusively Beethoven,http://streaming.exclusive.radio/er/beethoven/icecast.audio
ΕΡΤ Τρίτο Πρόγραμμα,https://radiostreaming.ert.gr/ert-trito
Organroxx,http://radio.organroxx.com:8000/freestream.mp3
al hossima,http://cdnamd-hls-globecast.akamaized.net/live/ramdisk/radio_el_hoceima/hls_snrt_radio/index.m3u8
Calm Radio - Puccini,http://streams.calmradio.com:13028/stream
WDAV - Classical Public Radio 89.9 FM,http://audio-mp3.ibiblio.org:8000/wdav-112k
Cinescore,https://ice55.securenetsystems.net/DASH29
Air Tamil,https://air.pc.cdn.bitgravity.com/air/live/pbaudio025/playlist.m3u8
Piano Works,http://prem2.classicalradio.com/pianoworks?b1e8ab696a279ebb68c48cab
Violin Works,http://prem2.classicalradio.com/violinworks?b1e8ab696a279ebb68c48cab
"KBIA-HD2 Classical Columbia, MO (KMUC)",http://playerservices.streamtheworld.com/m3u/KBIAHD2AAC.m3u
Your Classical - Focus,http://focus.stream.publicradio.org/focus.mp3
佛山电台千色985,https://play.radiofoshan.com.cn/live/1400389414_BSID_41_audio.m3u8
"WWFM 89.1 ""The Classical Network"" Trenton, NJ",http://wwfm.streamguys1.com/live-mp3
Radio Art - Peaceful Classical,http://air.radioart.com/fPeaceful_classical.mp3
Radyo Arkadaş,https://ssl120.radyotelekom.com.tr/9998/stream
Klassik Radio - New Classics,https://klassikr.streamabc.net/klr-newclassics-mp3-192-1596648?sABC=5o6rp005%230%231572417p91q6p23148478o55s0nr567n%23&amsparams=playerid:;skey:1533984773
فتاوى بن عثيمين,http://server2.quraan.us:9890/;*.mp3
Radio Mozart Italia,http://onair15.xdevel.com:7064/1/
إذاعة بينونة الرئيسية,https://radio.baynoona.net:9002/stream
radio caprice,http://79.111.14.76:8000/baroque
Tetarto Live,http://r1.cloudskep.com/cybcr/cybc4/icecast.audio
Karabalı,http://95.173.162.182:9884/;
Klassik Radio Healing,https://stream.klassikradio.de/healing/aac-64/radiode/
c- tv coptic chanl,https://58cc65c534c67.streamlock.net/ctvchannel.tv/ctv.smil/chunklist_w555483697_b1728000_slar_t64SEQ=.m3u8
retro radio,https://icast.connectmedia.hu/5002/live.mp3
"KTTZ-HD2 ""Texas Tech Public Media ""Classical 24"" Lubbock, TX",http://playerservices.streamtheworld.com/m3u/KTTZHD2.m3u
إذاعة السنة,http://andromeda.shoutca.st:8189/live
Exclusive Radio – Tchaikovsky,https://streaming.exclusive.radio/er/tchaikovsky/icecast.audio
Your Classical - Holiday,https://holiday.stream.publicradio.org/holiday_yc.mp3?cb=8282040137
Cyberspazio Radio,http://radio.cyberspazio.tv:2199/tunein/cyberspazio.pls
Allzic Classic Piano,http://allzic47.ice.infomaniak.ch/allzic47.mp3
metalrock.fm,http://kathy.torontocast.com:2820/;?type=http&nocache=1594751889
NRK Klassisk (Lav Kvalitet),http://lyd.nrk.no/nrk_radio_klassisk_mp3_l.m3u
Flute Works,http://prem2.classicalradio.com/fluteworks?b1e8ab696a279ebb68c48cab
Estrella - Barranca,https://sonic-us.streaming-chile.com:7039/;
"WMEA Maine Public Broadcasting Classical Stereo Stream - Portland, ME",http://playerservices.streamtheworld.com/m3u/WMEA_CLASSICAL_ADP.m3u
"WFMT 98.7 Chicago, IL (MP3)",http://stream.wfmt.com/main-mp3
Radio Art - Ambient,http://air.radioart.com/fAmbient.mp3
قناة القرآن الكريم,http://mediaserver2.islamicity.com:8000/SaudiTVArabic
Klassik Radio - News Classics,https://stream.klassikradio.de/newclassics/mp3-128
Harpsichord Works,http://prem2.classicalradio.com/harpsichordworks?b1e8ab696a279ebb68c48cab
"Fm America""s Ballads",http://sc-abb.1.fm:8680/
Súper Vip,https://rautemusik-de-hz-fal-stream18.radiohost.de/charthits
RADIO SANFURGO,http://176.31.241.17:7112/
Radio Art - Celtic,http://live.radioart.com/fCeltic.mp3
"WFCL ""Classical 91.1""  Nashville Public Radio, TN",https://wpln.streamguys1.com/wfclfm.mp3
Classic FM NL,http://www.classicfm.nl/player/classicfm.m3u
قناة السنة النبوية,http://mediaserver2.islamicity.com:8000/SaudiTVEnglish
NPO Radio 4,http://icecast.omroep.nl/radio4-sb-aac
Radio Veten,https://cdn2.cloudrad.io/radioveten/0kgkkzanmueuv/source/listen.m3u
AURAL MELODICS,http://stream.zeno.fm/a3250rmrga0uv
magic disco,http://stream1.virtualisan.net:4420/live.mp3
心灵音乐馆,http://play-radio-stream3.hndt.com/now/AFqvb0VX/chunklist.m3u8
NPO Radio 4 Concerten,https://icecast.omroep.nl/radio4-eigentijds-mp3
Sonatica Classical Radio,http://orion.shoutca.st:8742/160
ČRo Vltava,https://ice3.abradio.cz/cro3-128.aac
Radio Koszalin,http://91.232.4.33:9680/listen.pls?sid=1
"WSHU Classical Stream - Fairfield, CT",http://wshu.streamguys.org/wshu-classical
Outpost Radio - Organ Magic (VIP),http://organmagic.com/pvt102
WSMR 89.1 Classical music,https://playerservices.streamtheworld.com/api/livestream-redirect/WSMRFM.mp3
Wisconsin Public Radio - 24 Hour Classical,http://wpr-ice.streamguys.net/wpr-ideas-mp3-64
النهج الواضح 3,https://node33.obviousapproach.com:9002/stream
Radio MCA - La classica dei giovani,http://116.202.241.212:7013/
MDR Kultur Klassik im Konzert (low),http://avw.mdr.de/streams/284311-0_mp3_low.m3u
Radio Riel Fantasy Faire Radio,http://streams.radioriel.org:8070/stream
Exclusive Radio – Stravinsky,https://streaming.exclusive.radio/er/stravinsky/icecast.audio
SOLO PIANO by Epic Piano,https://stream.epic-piano.com/solo-piano?ref=radiobrowser
명품,http://jun28w.saycast.com/
BR Klassik [aac],https://dispatcher.rndfnk.com/br/brklassik/live/aac/low
- 0 N - Klassik on Radio,https://0n-klassik.radionetz.de/0n-klassik.aac
nair,http://198.245.61.123:8000/nair
طلاب العلم,http://node-28.zeno.fm/xvzmnbe1ba9uv?rj-ttl=5&rj-tok=AAABfmjkey8ArKeqTHsuekmiFQ
ROMANTIC PIANO by Epic Piano,https://stream.epic-piano.com/romantic-piano?ref=radiobrowser
"KUCO 90.1 Edmond, OK",http://kuco.streamguys1.com/live
Klara Continuo (aac),http://icecast.vrtcdn.be/klaracontinuo.aac
deutschrap Detmold,http://stream.laut.fm/deutschrapradio
Radio Globo Italia,http://144.217.76.188:8248/;
Radio Art - Pyotr Tchaikovsky,http://air.radioart.com/fPyotr_tchaikovsky.mp3
Radio Art - Franz Schubert,http://air.radioart.com/fFranz_schubert.mp3
Radio Art - Solo Instruments,http://air.radioart.com/fSolo_instruments.mp3
"WXXI-FM ""Classical 91.5"" Rochester, NY (AAC)",http://playerservices.streamtheworld.com/api/livestream-redirect/WXXIFMAAC.aac
"KVOD 88.1 Colorado Public Radio - Classical - Denver, CO  AAC+",http://stream2.cprnetwork.org:8000/cpr2_aac
RMF Chopin + FAKTY,http://31.192.216.8/CHOPINF
Radio Universidad Técnica Federico Santa María,https://chileservidores.cl/audio/?p=9994
Радио 7 - Наедине с музыкой,http://hls-01-radio7-alone.emgsound.ru/16/96/playlist.m3u8
Juventus,https://www.radiojuventus.hu/stream_192k
classicfm,https://bravo.btv.bg/m3u/classicfm.m3u
تفسير بن عثيمين رحمه الله تعالى,https://qurango.net/radio/tafseer
Concerto on Dash,http://ice55.securenetsystems.net/DASH33
Radio Art - Violin,http://air.radioart.com/fViolin_works.mp3
"WETS-HD3 Classical & Jazz Stream - Johnson City, TN",https://wets-fm.streamguys1.com/live-3
"KRNN 102.7 ""Rain Country Radio"" Juneau, AK",http://provisioning.streamtheworld.com/pls/KRNNFM.pls
"WFCC 107.5 ""Cape Classical"" Chatham, MA",http://ice7.securenetsystems.net/WFCC
ČRo D-dur,http://icecast1.play.cz:8000/croddur32aac
Super Radyo DZBB,http://stream.gmanews.tv/ioslive/livestream/chunklist.m3u8?wowzasessionid=693701106
Sabor,http://node-35.zeno.fm/812ksk66cfeuv.aac?rj-ttl=5&rj-tok=AAABdAovOBcAvbQfInCXPqYUuw
河南网络广播·天籁古典,http://lhttp.qingting.fm/live/20210756/64k.mp3
Organlive.com [128 kbps],http://play.organlive.com:7000/128
Радио Сектор / Sector Nota,http://89.223.45.5:8000/nota-160
"KBYU-FM Provo, UT ""Classical 89"" [MP3]",http://cdn.byub.org/classical89/classical89_mp3
Erzincan Nostalji,http://95.173.188.155:9946/;stream.mp3
Mamaş Fm,http://mamasfm.com:9984/;
النهج الواضح قرآن كريم,https://node33.obviousapproach.com:9001/stream
Antenne NRW,https://stream.antenne.de/antenne-nrw/stream/aacp
"Lutheran Public Radio - Collinsville, IL",http://lpr.streamguys1.com/lpr-aac
Erzincan Radyo 2000,http://yayin.yayindakiler.com:3030/;*.mp3?%26token=3sQUZFuIIlYXYQ_Sq1Znxw%26expires=1616312970%27%20type=%27audio/mp3%27&rd2=%27https://radyo.vip/str
"WNED ""Classical 94.5"" Buffalo, NY",http://playerservices.streamtheworld.com/m3u/WNEDFM.m3u
Rete Toscana Classica,https://stream.retetoscanaclassica.it:8443/source
Soberana,http://node-32.zeno.fm/3vw67zg1duquv?rj-ttl=5&rj-tok=AAABdApEtOsAwvxwtuP3IqmO-Q
"KUAT 90.5 ""Arizona Public Media"" Tucson, AZ",http://streaming.azpm.org/kuat192.mp3.m3u
Radio Clasic Bach,http://www.clasicradio.ro:9100/stream
Antena 2 (AAC),http://streaming-live-app.rtp.pt/liveradio/antena280a/playlist.m3u8
Twentysound,http://stream.laut.fm/twentysound.m3u
Doğan 22,http://yayin1.yayindakiler.com:3024/;
Radio Art - Cello works,http://air.radioart.com/fCello_works.mp3
Klassik Radio Pure Bach,https://klassikr.streamabc.net/klr-purebach-aacplus-64-2593910?sABC=613o7pn3%230%232qqpnss01895rqr0s8oq129o03s183o0%23enqvbqr&=&amsparams=playerid:radiode;skey:1631288483
"Канал ""Культура""",https://stream2.datacenter.by/kultura
ČRo Vltava,http://icecast2.play.cz:8000/cro3-32aac
"WDAV 89.9 ""Classical Public Radio"" Charlotte, NC",https://audio-mp3.ibiblio.org/wdav-112k
"WSMC 90.5 Southern Adventist University - Collegedale, TN",http://wsmc.streamon.fm:8000/WSMC-32k.aac
"WLRN-HD2 Classical - Miami, FL",http://stream.wlrn.mobi/WLRNHD2AAC64
Klassik Radio Beethoven,https://stream.klassikradio.de/beethoven/aac-64/radiode/
__KLASSIK__ by rautemusik (rm.fm),https://klassik-high.rautemusik.fm/?ref=radiobrowser
radiod,http://tachyon.shoutca.st:8303/xstream
Radio Swiss Classic Italian,https://stream.srg-ssr.ch/rsc_it/aacp_96.m3u
Classical 24 (KWIT-HD2),https://22973.live.streamtheworld.com/KWITHD2AAC.aac
Radio RMF FM,http://www.rmfon.pl/n/rmffm.pls
Nova Classics,https://nova-vnt.ice.infomaniak.ch/nova-vnt-128
Concertzender Geen dag zonder Bach,http://streams.greenhost.nl:8080/bach
"WDPR 88.1 ""Discover Classical"" Dayton, OH",http://live.str3am.com:2520/live
kpbs Classical San Diego,http://kpbs-classical.streamguys1.com/kpbs-classical
Radio Art - Solo Flute,http://live.radioart.com/fSolo_flute.mp3
Radyo Spor,https://moondigitaledge.radyotvonline.net/radyospor/playlist.m3u8
NPO Radio 4,https://icecast.omroep.nl/radio4-sb-aac
KAMEME FM,http://node-24.zeno.fm/cp585ghqtceuv?zs=BHcn6wfwQCyGOo2KUGOKlw&rj-tok=AAABgYabs1AAWumK49axUP79QQ&rj-ttl=5
hbcnews,http://node-35.zeno.fm/m94d336hh5zuv
"WHRW Binghamton 90.5 FM -- Harpur Radio Workshop, the land of Moe",http://stream.whrwfm.org/hi.m3u
ONDA CERO,https://livefastly-webs.ondacero.es/ondacero/audio/master.m3u8
Lig Radyo,https://ligradyo.radyotvonline.net/ligradyo
Jazz 24 Seattle,http://live.wostreaming.net/direct/ppm-jazz24mp3-ibc1?source=TuneIn
Bayern 2 mp3 low,https://dispatcher.rndfnk.com/br/br2/nord/mp3/low
Nova Danse,https://nova-dance.ice.infomaniak.ch/nova-dance-128
Eurobeat,http://stream.laut.fm/eurobeat
Duhok,https://anadolu.liderhost.com.tr:10939/
"WMHT Classical 89.1 - Schenectady, NY",http://wmht.streamguys1.com/wmht1
"Capital Public Radio Music (KXPR, KXSR, KXJS)",http://playerservices.streamtheworld.com/m3u/KXPR.m3u
Forrás radio,http://91.82.85.44:1630/forrasradio.mp3
Radio Art - Piano,http://air.radioart.com/fPiano.mp3
MixtIndie,https://n03.radiojar.com/myw9vhzbnan.mp3
Radio Marconi 2,http://onair22.streaming.xdevel.com:7598/;stream.mp3
Nova La Nuit,https://nova-ln.ice.infomaniak.ch/nova-ln-128
"WLTR 91.3 ""South Carolina Public Radio Classical"" Columbia, SC",http://provisioning.streamtheworld.com/pls/WLTRFMAAC.pls
R.Radio,https://metromedia.live24.gr/republicthess
FFH SOUNDTRACK,https://mp3.ffh.de/ffhchannels/hqsoundtrack.aac
Focus,http://ice.greekstream.net/focusfm?listenerid=ec33c4dfc99a6f71e6dc23583cbc91f2&awparams=companionAds:true
"WBAA Classical 101.3 West Lafayette, IN",http://purdue.streamguys1.com/wbaa-classical.m3u
Doğu Radyo,http://198.7.59.28:8146/
栗子的輕音樂,http://lizeradio.com:8080/;&type=mp3
FM Rainbow Krishnaveni Vijayawada,https://air.pc.cdn.bitgravity.com/air/live/pbaudio174/playlist.m3u8
Opus 94 (Ciudad de México) - 94.5 FM - XHIMER-FM - IMER - Ciudad de México,http://s2.mexside.net/8016/stream
Hawaii Public Radio HPR-2 (KIPO),http://khpr-ice.streamguys1.com/kipo2
KAWC News and Information,http://playerservices.streamtheworld.com/m3u/KAWCFM.m3u
РУКИ ВВЕРХ,https://ic6.101.ru:8000/stream/pro/aac/64/163
Radio-HITE,http://stream.zeno.fm/8uq8bd2tn7zuv
play music digital,http://stream.zeno.fm/8p5rf9fu44zuv
Cello Works,http://prem2.classicalradio.com/celloworks?b1e8ab696a279ebb68c48cab
Avro Klassiek,"http://www.surfmusik.de/m3u/station/avro-klassiek,2366.m3u"
Radio Cafè Zimmermann,https://stream.radio-cafezimmermann.de/klassik/mp3-192/
Aire Libre 96.3 Río Grande,http://streamingraddios.net:9277/stream
"KAZU-HD2 Classical Stream - Pacific Grove, CA",http://icecast.csumb.edu:8000/livehd2high
"KVPR 89.3 ""Valley Public Radio"" Fresno, CA (AAC)",http://playerservices.streamtheworld.com/m3u/KVPRFMAAC.m3u
"WFCR 88.5 New England Public Radio - Amherst, MA",http://nepr.iad.streamguys1.com/WFCR
TRD4,https://live.streamlojik.com:8000/trd4.aac
maranata,https://player.srvaudio.com.br/player-ssl/10348
RNE Clásica,https://rtvelivestreamv3.akamaized.net/rtvesec/rne_r2_main.m3u8
0nlineradio HÄNDEL,https://stream.0nlineradio.com/haendel?ref=radiobrowser
Radio 82,http://stream.laut.fm/radio82
Cosmo hi,https://wdr-cosmo-live.icecastssl.wdr.de/wdr/cosmo/live/mp3/128/stream.mp3
KMFA,https://kmfa.streamguys1.com/KMFA-mp3
Radio Art - Chamber Works,http://air.radioart.com/fChamber_works.mp3
النهج الواضح 1,https://node33.obviousapproach.com:9000/stream
河南网络广播国乐悠扬,https://live.xmcdn.com/live/2291/64.m3u8
MOMENTO LOVE GOSPEL,http://stream.zeno.fm/526wmr2en98uv
RockRadio,http://play.adtonos.com/rock-radio-warszawa
Live radio,http://radio.nnkcrazyclub.hu:7163/crazyklub
Batı Radyo,https://sslyayin.netyayin.net:10902/
"KLRE Classical 90.5 (UALR Public Radio) Little Rock, AR",http://playerservices.streamtheworld.com/m3u/KLREFM.m3u
بينونة المنظومات,https://radio.baynoona.net:9003/stream
hhh,https://stream.zeno.fm/60pqgs97f2zuv.m3u
0nlineradio SCHUMANN,https://stream.0nlineradio.com/schumann?ref=radiobrowser
Bursa Fm,http://yayin.bursafm.com.tr:1055/
KLUX 89.5HD - Good Company,http://204.141.167.20:12340/stream
"WUOL 90.5 Classical Louisville, KY",http://lpm.streamguys1.com/wuol-web
High Plains Public Radio - 91.1 KANZ,http://playerservices.streamtheworld.com/m3u/KANZFM_HPPR.m3u
Zorrilla de San Martin,https://server-usa2.radioseninternet.net/9312/stream
selah,https://ice10.securenetsystems.net/KHHKHD3
河南网络广播·经典FM,http://lhttp.qingting.fm/live/20207762/64k.mp3
Radio Starogard,https://stream.rcs.revma.com/5wegfyrra2zuv
Exclusive Radio – Tchaikovsky,https://streaming.exclusive.radio/er/tchaikovsky/icecast.audio
Isla 106,https://stream.isla106.com/isla106
فتاوى بن عثيمين رحمه الله تعالى,http://server2.quraan.us:9890/;*.mp3
Radyo Gol,https://moondigitaledge.radyotvonline.net/radyogol/playlist.m3u8
Mousi,http://116.202.214.135:8054/curentsong
smooth,http://jfm1.hostingradio.ru:14536/sjstream.mp3
Radio Art - Romantic Period,http://air.radioart.com/fRomantic_period.mp3
"KANU 91.5 ""Kansas Public Radio"" Lawrence, KS",http://streaming.kansaspublicradio.org:8000/kpr1
"KUAF-HD2 Classical Stream - Fayetteville, AR",https://war.streamguys1.com:7031/kuaf2
Evrensel,http://94.102.4.29:9996/;
Радио Сектор / Sector Nota (opus),http://89.223.45.5:8000/nota-56
"KUER 90.1 HD3 Salt Lake City, UT (Classical 24) [high]",http://audio.kuer.org:8000/kuer3high
SER Zaragoza,https://zaragoza-copesedes-rrcast.flumotion.com/copesedes/zaragoza-low.mp3
KCHE Classic Hits 92.1,https://ice3.securenetsystems.net/KCHEFM
"KAJX 91.5 - Aspen Public Radio, CO",http://playerservices.streamtheworld.com/m3u/KAJXFM.m3u
noursat jorden,http://svs.itworkscdn.net/nour4satlive/livestream/playlist.m3u8
bear,http://sc6.shoutcaststreaming.us:8004/
Dobre radio,http://dobre.out.airtime.pro:8000/dobre_a
Radio Disco Polo non stop FM,https://s3.slotex.pl/shoutcast/7496/stream?Sid=1
"WSVH 91.1 ""Georgia Public Broadcasting"" Savannah, GA",https://gpb.streamguys1.com/gpb-savannah-mp3
Ватыканскае радыё,https://radio.vaticannews.va/stream-be
Classical FM 96.3,https://live.wostreaming.net/playlist/mzmedia-cfmzfmmp3-ibc2.m3u
Beldi FM,https://beldifm.hf.ma/public/1/playlist/m3u
"WPSU 91.5 Penn State University - State College, PA",http://wpsu-ice.streamguys1.com/wpsu1
"KLCC 89.7 Eugene, OR",http://tektite.streamguys1.com:5020/klcc.mp3
"KDAQ-HD2 ""Red River Radio Classical Stream"" Shreveport, LA",http://playerservices.streamtheworld.com/m3u/KDAQHD2.m3u
Cadis,http://node-11.zeno.fm/a440accyxqzuv?rj-ttl=5&rj-tok=AAABdAmfufkAJ1zwrPdEzR7t6Q
"Pagma Stereo FM  ""Alausi""",http://stream.zeno.fm/tqwu1sku9c0uv
RADIO MAXIMA FM,https://radios.sonidoshd.com/8212/maximachile
MODERN PIANO by Epic Piano,https://stream.epic-piano.com/modern-piano?ref=radiobrowser
"WKAR Classical - East Lansing, MI",http://mozart.wkar.msu.edu/wkar-classical
99.5 WCRB - Bach Channel,http://wgbh.streamguys.com/Bach-8108
Global Community Radio 3 (GCR 3),http://198.50.156.92:8327/;stream.mp3
Radio MCA,http://116.202.241.212:7013/listen.pls?
"WNIU 90.5 Northern Public Radio Classical - Rockford, IL",http://peace.str3am.com:6840/live-128k.mp3
Adagio Radio HD,https://stream.tunerplay.com/radio/8010/adagioradioHD.mp3
Air Coimbatore,https://air.pc.cdn.bitgravity.com/air/live/pbaudio016/playlist.m3u8
Radio Classica Bresciana,https://ice15.fluidstream.net/classicabresciana.aac
KPAC 88.3 FM TPR Classical,https://playerservices.streamtheworld.com/api/livestream-redirect/KPACFMAAC.aac
"KUER 90.1 HD3 Salt Lake City, UT (Classical 24) [low]",http://audio.kuer.org:8000/kuer3low
إذاعة القرآن الكريم,http://stream.radiojar.com/0tpy1h0kxtzuv
String Works,http://prem2.classicalradio.com/stringworks?b1e8ab696a279ebb68c48cab
قراءات متنوعة,https://qurango.net/radio/mix
- 0 N - Klassik on Radio,https://0n-klassik.radionetz.de/0n-klassik.mp3
佳音經典音樂網,https://stream.ginnet.cloud/live0119lo-p4rb/_definst_/classic/playlist.m3u8
Radio Classica Bresciana,https://ice15.fluidstream.net/classicabresciana.aac
뮤직인보이스,http://joycast.net:7890/
jjj,https://listen.moe/fallback
Canal Sur Cordoba,https://cdnlive.shooowit.net/rtvalive/smil:channel12.smil/playlist.m3u8
befm,http://befm905.live.smilecdn.com:1935/befm905_live/live/playlist.m3u8
Pure,http://icy-e-04.sharp-stream.com/pure_radio.mp3.m3u
gyor+,https://stream.42netmedia.com:8443/sc_gyor1
Radio Art - Choral Works,http://air.radioart.com/fChoral_works.mp3
Colorado Public Radio Classical,https://stream1.cprnetwork.org/cpr2_lo
cherry,http://shout.audionow.com:8000/RadioSaigonHuston
Red FM 88.9,https://ice9.securenetsystems.net/CIRVFM
Libelula Chile señal UNO,http://stream.zeno.fm/8vvrfmu9d8zuv
ESTUDIO FM INFANTIL,http://stream.zeno.fm/7wdxbx1eqm0uv
noursat jorden,http://svs.itworkscdn.net/nour4satlive/livestream/playlist.m3u8
Sveriges Radio P2,https://http-live.sr.se/p2musik-aac-320
Roger Radio,http://rogerradio.theholyroger.com/live
KAMU Radio FM 90.9,http://kamu.streamguys1.com/hd1-192
Antena 2 (AAC),http://streaming-live-app.rtp.pt/liveradio/antena280a/playlist.m3u8?DVR
MELODIA FM,https://livefastly-webs.melodia-fm.com/melodiafm/audio/master.m3u8
إذاعة محمد أيوب,https://qurango.net/radio/mohammed_ayyub
"KSMU 90.1 ""Ozarks Public Radio"" Springfield, MO",http://ksmu.streamguys1.com/ksmu3
"WWNO Classical Stream - University of New Orleans, LA",http://tektite.streamguys1.com:5140/wwnoclassical-mp3
Radyo ILGIN FM,http://95.173.184.17:9942/;
"WYPR-HD3 Classical Stream - Baltimore, MD",http://provisioning.streamtheworld.com/pls/WYPR_HD3AAC.pls
BBC Radio 3,http://a.files.bbci.co.uk/media/live/manifesto/audio/simulcast/hls/nonuk/sbr_vlow/ak/bbc_radio_three.m3u8
Debussy - ClassicalRadio,http://prem2.classicalradio.com/debussy?b1e8ab696a279ebb68c48cab
Rock Classics,http://185.33.21.112/rockclassics_128
LISZT by Epic Piano,https://stream.epic-piano.com/liszt?ref=radiobrowser
CLASSICS FM  NL,http://playerservices.streamtheworld.com/api/livestream-redirect/CLASSICFM.mp3
TRT Radyo 3,https://radio-trtradyo3.medya.trt.com.tr/master.m3u8
Your Classical - Radio,https://ycradio.stream.publicradio.org/ycradio.mp3
gradio,http://stream.laut.fm/gradio-rap
WDAV HD-2 Concierto,https://audio-mp3.ibiblio.org/concierto
تفسير السعدي,https://server03.quran.com.kw:7004/;*.mp3
Radio Classic 128kbps,https://stream.bauermedia.fi/classic/classic_128.mp3
"WKSU-HD3 Classical Stream - Kent, OH",http://www.wksu.org/listen/wksu3.pls
Radio Art - Optimistic Classical,http://air.radioart.com/fOptimistic_classical.mp3
Radio Art - Robert Schumann,http://air.radioart.com/fSchumann.mp3
"WUWF-HD2 Classical Stream Pensacola, FL",http://provisioning.streamtheworld.com/pls/WUWFHD2.pls
"WSCL 89.5 Delmarva Public Radio ""Fine Arts & Culture"" - Salisbury, MD",http://provisioning.streamtheworld.com/pls/WSCLFM.pls
"WJSU 88.5 Jackson State University - Jackson, MS",http://ic2.mainstreamnetwork.com/wjsu-fm
América - Washington,http://node-27.zeno.fm/a1s86ymequeuv?rj-ttl=5&rj-tok=AAABdArRrDIAWHZUru0_EvgU3w
Chalaca,https://conectperu.com:7041/stream?icy=http
vigilante 2084,http://radiotower.netstalking.ru/vigilante_2084_320.m3u
La Classica,http://stream.laclassica.be:8023/stream
WOSU 101 Classical,https://wosu.streamguys1.com/Classical_128
인기가요,http://ch01.saycast.com/
RetroFM,http://retro128.streamr.ru/
hbbg,http://hazel.torontocast.com:3040/stream
Radio Riel Main Stream,http://streams.radioriel.org:8010/stream
"KWMU-HD3 St. Louis Public Radio, MO",http://75.102.43.196/kwmu3
KNCJ Nevada Classical and Jazz,https://kncjstream.com:8443/live
"WMUM 89.7 ""Georgia Public Broadcasting"" Macon, GA",https://gpb.streamguys1.com/gpb-macon-mp3
"WSHU 91.1 Fairfield, CT",http://wshu.streamguys.org/wshu-air
ADBT Radio,http://217.79.181.61:8000/listen.pls
Amadeus,https://streamingradiolinks.xyz/8484/;
La Classica,http://stream.laclassica.be:8023/stream2
"KUSD-HD2 ""South Dakota Public Broadcasting"" Vermillion, SD",http://provisioning.streamtheworld.com/pls/KUSDHD2.pls
Prairie Public Radio FM 1 Classical (KCND),http://playerservices.streamtheworld.com/m3u/KCNDHD2.m3u
Esfera-Chachapoyas,http://oyotunstream.com:7360/;stream
Jay America R. Network,http://23.27.51.2:8028/
Band RS,http://evpp.mm.uol.com.br:1935/band/radiobandeirantes_poa/chunklist_w163001547.m3u8
b,http://59.90.28.91:88/broadwavehigh.mp3
天籁之音 - 国风,http://play-radio-stream3.hndt.com/now/UzPxbRaT/chunklist.m3u8
k,http://stream.zeno.fm/9e880vgncd0uv
إذاعة القرآن الكريم,http://stream.radiojar.com/0tpy1h0kxtzuv
Duflo Radio,http://stream.zeno.fm/kxwhyvz2fm0uv
oxigen,https://oxygenmusic.hu:8443/oxygenmusic
иван,http://falcon.shoutca.st:8166/stream
MegaLive,https://mega-live.net:2053/live.mp3
تكبيرات العيد,https://qurango.net/radio/eid
takayama,https://appradio.app:8161//live
Classical 95.9 WCRI,https://wcri.streamguys1.com/live-mp3
Retró rádió,https://icast.connectmedia.hu/5001/live.mp3
WHRO-FM 90.3 Hampton Roads,http://whro.mediaplayer.whro.org/128
RTÉ Lyric FM,https://www.rte.ie/manifests/lyric.m3u8
Radio Art - Workout Classical,http://air.radioart.com/fClassical.mp3
Radio Art - Harpsichord,http://air.radioart.com/fHarpsichord.mp3
FM PREMIUM,http://cast4.audiostream.com.br:8663/mp3
GUKENA,http://gukenafm-atunwadigital.streamguys1.com/gukenafm
BNR - Hristo Botev,http://stream.bnr.bg:8012/hristo-botev.aac
"VOWR 800 St. John's, NL",http://provisioning.streamtheworld.com/pls/VOWRAMAAC.pls
asds,http://streaming.radiosenlinea.com.ar:8626/
محمد بن هادي المدخلي,http://node-18.zeno.fm/gpm8qh09tv8uv?zs=j9Zy6ThQQ_iifkmsw6dKPw&rj-tok=AAABf6rVdjMA6DT5KedsHoXMmg&rj-ttl=5
rns,https://n12.rcs.revma.com/ypqt40u0x1zuv?fbclid=IwAR31Ost49OHioJpf18An-hCeauiqIqtY0gb4ss06atFIJvizLog4YtdYqQ4&rj-ttl=5&rj-tok=AAABcz5W6d0A29rXN6WTYgqTqw
国乐悠扬,http://stream3.hndt.com/now/8bplFuwp/playlist.m3u8
רשת ג,http://kanliveicy.media.kan.org.il/icy/kangimmel_mp3
Elena radio,https://streamprivate.live/8012/stream
Aire Libre 96.3 Río Grande,http://streamingraddios.net:9277/
Scala Radio,http://edge-bauerall-01-gos2.sharp-stream.com/scalahigh.aac?aw_0_1st.skey=1651926138
wuga,http://wuga-ice.streamguys1.com/live-mp3
SWR2,https://f111.rndfnk.com/ard/swr/swr2/live/mp3/256/stream.mp3?aggregator=web&sid=28ew6Usq6cch83eglcsXwLlNRS3&token=Ip5bwQ_T81Lq_mqKc3HUjnxrk94ek2bDcfNyNHuqRGk&tvf=XFsRgyq06xZmMTExLnJuZGZuay5jb20
Радио Образ НН,http://213.177.106.78:8006/;?
גל עברי,http://glzwizzlv.bynetcdn.com/glglz_classicil_mp3?awCollectionId=misc&awEpisodeId=glglz_classicil
Radio Art - Johannes Brahms,http://air.radioart.com/fJohannes_brahms.mp3
"WXXI-FM ""Classical 91.5"" Rochester, NY (MP3)",http://playerservices.streamtheworld.com/api/livestream-redirect/WXXIFM.mp3
"WCYY Portland, Maine",https://live.wostreaming.net/manifest/townsquare-wcyyfmaac-hlsc3.m3u8
Jin Tv,https://live.jintv.org:12443/medialive/jintv.m3u8
ESTUDIO FM MINISTERIO JOVEM,http://stream.zeno.fm/duppd1ufqm0uv
Bongara,http://node-21.zeno.fm/q568uytu6mruv?1597624354113=&rj-ttl=5&rj-tok=AAABc_pkBp8A3a_HqKqwgHzpBw
Can Tv,https://livetv.canbroadcast.com:7443/canlican/tv.m3u8
fb n,http://direct.francebleu.fr/live/fbhautenormandie-midfi.mp3
Haydn - ClassicalRadio,http://prem2.classicalradio.com/haydn?b1e8ab696a279ebb68c48cab
Ezgi FM,http://sunucu.radyodinle.com:1782/
Radio Motel,https://usa11.fastcast4u.com/proxy/radiomotel?mp=/stream3#.mp3
"KNAU 88.7 ""Arizona Public Radio"" Flagstaff, AZ",http://playerservices.streamtheworld.com/m3u/KNAUFM_128.m3u
في ضلال السيرة النبوية,https://qurango.net/radio/fi_zilal_alsiyra
Interlochen Public Radio Classical,http://22223.live.streamtheworld.com/WIAAFM.mp3
Radio Art - Positivity,http://air.radioart.com/fPositivity.mp3
"KCME 88.7 Manitou Springs, CO",http://ice9.securenetsystems.net/KCME
RMN DWNX Naga,https://stream.zeno.fm/1ytydzphq7zuv
#1 Splash Classical,https://ais-sa2.cdnstream1.com/2208_128.mp3
WNYC WQXR,http://stream.wqxr.org/wqxr
"KVNO 90.7 University of Nebraska at Omaha, NE",http://kvnovm-hd1.unomaha.edu:8000/listen.mp3
Adagio Radio HA,http://37.252.124.170:8010/
Radio Svizzera Classica,https://stream.srg-ssr.ch/rsc_it/aacp_96.m3u
Radio Art - Passionate Classical,http://air.radioart.com/fPassionate_classical.mp3
Radio Art - Classical Period,http://air.radioart.com/fClassical_period.mp3
Radio Art - Dreamscapes,http://air.radioart.com/fDreamscapes.mp3
"WMUK-2 Western Michigan University - Kalamazoo, MI",https://ice2.wmuk.org:8443/mp32
FM Rainbow Krishna Vani Vijayawada,https://air.pc.cdn.bitgravity.com/air/live/pbaudio175/playlist.m3u8
"WVIA 89.9 Scranton, PA",http://playerservices.streamtheworld.com/pls/WVIAFM.pls
"WMFE-HD2 Orlando, FL",http://wmfe.iad.streamguys1.com/wmfe2
Hits Star-Bagua,http://oyotunstream.com:7278/;
urbana fm,https://streaming3.locucionar.com/proxy/1001fmcoop?mp=/stream
Cartuja radio,http://stream.zeno.fm/qernw9vu91zuv
Seila FM Batam,http://stream.zeno.fm/wp7gz9u7cm0uv
TVE 24H AUDIO,https://rtvelivestream-lvlt.rtve.es/24h_4000.m3u8
Yol Tv,https://stream.yol.tv:9443/medialive/yol.m3u8
Nick Jr. 102.9 FM Wayback Machine,http://web.archive.org/web/20200815210240if_/https://adultswim-vodlive.cdn.turner.com/live/aqua-teen/stream_7.m3u8
Musopen,https://live.musopen.org:8085/streamvbr0
KDPI,https://peridot.streamguys1.com:5115/live
R,http://rootslegacy.fr:8080/listen1
Christmas Channel,https://christmas-high.rautemusik.fm/listen.pls
CHRISTMAS PIANO by Epic Piano,https://stream.epic-piano.com/christmas-piano?ref=radiobrowser
TSCHAIKOWSKI by Epic Piano,https://stream.epic-piano.com/tschaikowski?ref=radiobrowser
WMNR Fine Arts Radio,http://amber.streamguys.com:6050/live
Oxygen Classics,https://oxygenmusic.hu:8443/Classic_128
Selam Radyo Diyarbakır,http://yayin.turkhosted.com:9500/
"WFDU-HD3 Fairleigh Dickinson University - Teaneck, NJ",http://peridot.streamguys.com:5350/iheartclassical
"KVOD 88.1 Colorado Public Radio - Classical - Denver, CO  MP3",http://stream2.cprnetwork.org:8000/cpr2_lo
Amigos de Cristo Web Rádio,http://sv14.hdradios.net:6860/;?type=http&nocache=38
Культура (AAC+),https://icecast-vgtrk.cdnvideo.ru/kulturafm_aac_64kbps
GHETTO,http://node-16.zeno.fm/kvudezx1h2zuv?zs=Ba_u5locTXuKHGWO6nhKcw&rj-tok=AAABgWfJuYUAq47FRSmilBBLhg&rj-ttl=5
上海经典音乐广播（3）,https://live.xmcdn.com/live/54/64.m3u8
郾城人民广播电台,http://lhttp.qingting.fm/live/15318300/64k.mp3
JN FM TAMIL,http://stream.zeno.fm/0wck59rarchvv
Ozonefm,https://oxygenmusic.hu:8443/ozonefm_320
RTÉ lyric fm,https://www.rte.ie/manifests/lyric.m3u
morcegaoBr,https://radio.morcegaofm.com.br/morcegao128
BR-Klassik mp3 low,https://dispatcher.rndfnk.com/br/brklassik/live/mp3/low
Saloniker Web Radio,http://stream.laut.fm/saloniker-web-radio
rzgg,http://stream.radio.co/sb03e54cbd/listen
Radio Art - Just Classical,http://air.radioart.com/fJust_classical.mp3
Radio Art - Lute,http://air.radioart.com/fLute.mp3
Radio Art - Eric Satie,http://air.radioart.com/fEric_satie.mp3
"WVIA-HD2 Scranton, PA",http://playerservices.streamtheworld.com/pls/WVIAHD2.pls
radio mundo,http://stream.radiomundo.uy:8000/2.mp4
Clarín FM-Chachapoyas,http://radio.ancashserver.com:9788/;
MEGASTAR FM,https://megastar-cope.flumotion.com/playlist.m3u8
Rádio Boas Novas Envira,https://player-ssl.kshost.com.br:13272/live
ghhgghh,https://radiobhakti.shemaroo.com/hariomradio/Stream1_aac/chunklist_w1698485760.m3u8
Xtrema-Chachapoyas,http://node-07.zeno.fm/vv557vfe21zuv.aac?rj-ttl=5&rj-tok=AAABc_pSbowArxi1f7s2NVWq8w
Çağrı FM,http://yayin1.canliyayin.org:8202/
Radio Globus,https://stream.probroadcast.dk/radioglobus
Южная Волна,http://misato.ru-hoster.com:8024/stream
Classic FM (UK),http://media-ice.musicradio.com/ClassicFMMP3
Zet Radio,http://www.emsoft.ct8.pl/inne/zet.m3u
"KVPR 89.3 ""Valley Public Radio"" Fresno, CA (MP3)",http://playerservices.streamtheworld.com/m3u/KVPRFM.m3u
Cosmo lo,https://fhe-lh.akamaihd.net/i/wdr_fhe@384699/master.m3u8
95.5 Classical KHFM Santa Fe,https://live.wostreaming.net/playlist/agmedia28-khfmfmaac-ibc3.m3u
FM Láser,http://streaming3.locucionar.com:16223/stream
radio City,http://190.52.32.13:1935/radiocity/live_1/chunklist_w289002165.m3u8
GREAT PIANO CONCERTS by Epic Piano,https://stream.epic-piano.com/great-piano-concerts?ref=radiobrowser
GRIEG by Epic Piano,https://stream.epic-piano.com/grieg?ref=radiobrowser
OFFRADIO,http://s3.yesstreaming.net:7062/stream
Qamişlo,http://stream.laut.fm/dengeqamishlo.m3u
Klara (aac),http://icecast.vrtcdn.be/klara.aac
الإختيارات الفقهية لإبن باز,https://qurango.net/radio/alaikhtiarat_alfiqhayh_bin_baz
Break Pirates,http://bpstream.hostco.de:3000/
Radio Art - International Poetry,http://air.radioart.com/fInternational_poetry.mp3
Radio Art - Reflexology,http://air.radioart.com/fReflexology.mp3
Radio Art - Joyful Classical,http://air.radioart.com/fJoyful_classical.mp3
哈尔滨古典音乐广播,https://stream.hrbtv.net/gdpl/playlist.m3u8
radio maria arbic,http://dreamsiteradiocp4.com:8014/stream
"WMEA Maine Public Broadcasting Classical Stream - Portland, ME",http://playerservices.streamtheworld.com/m3u/WMEA_CLASSICAL.m3u
Amigos de Cristo Web Rádio,http://sv14.hdradios.net:6860/;?type=http&nocache=38
Radio Swiss Classic,http://stream.srg-ssr.ch/m/rsc_de/aacp_32
syaivo,http://stream.ntktv.ua/syaivo.mp3
Yle Radio1HIFI 256 Kb/s,http://icecast.live.yle.fi/radio/YleRadio1Hifi/icecast.audio
"WNMU 90.1 Marquette, MI",http://war.str3am.com:7400/wnmu-fm
Radio Caprice Sinphonic Music,http://79.120.77.11:9019/
"KSOR 90.1 ""Jefferson Public Radio"" Ashland, OR",http://jpr.streamguys.org/jpr-news
WOTR Hymns,http://wotrstream.com:8025/hymns
KBSU 90.3,https://icy1.boisestatepublicradio.org:444/KBSU-mp3
WKU Classical 97.5,https://dal-wku-stream-2.neighborhoodca.com/xstream
Back to the 80s,http://s1.nexuscast.com:8135/;
ORF Ö1,https://orf-live.ors-shoutcast.at/oe1-q1a
RCO Live [AAC128],http://ice.cr2.streamzilla.xlcdn.com:8000/sz%3DRCOLiveWebradio%3Daac128
"WMRA 90.7 Harrisonburg, VA",http://media.wmra.org:8000/wmra
Millenium Bella Musica,http://streaming.promomedios.com:8018/stream/1/
"WAMC-HD2 Northeast Public Radio - Albany, NY",http://provisioning.streamtheworld.com/pls/WAMCHD2AAC.pls
YourClassical,https://ycradio.stream.publicradio.org/ycradio.aac
5GTR,http://203.45.194.8:88/broadwave.mp3
Radio 100komma7,http://100komma7.cast.addradio.de/100komma7/live/mp3/320/stream.mp3
CAPITAL FM,https://atunwadigital.streamguys1.com/capitalfm
WUFT Classic,http://ais-sa1.streamon.fm/7648_48k.aac/playlist.m3u8
Radio Svizzera Classica,https://stream.srg-ssr.ch/rsc_it/aacp_96.m3u
Akashwani Jalgaon,https://air.pc.cdn.bitgravity.com/air/live/pbaudio096/playlist.m3u8
Омский Благгвестник,http://segenswelle.de:8000/BG-Omsk
La Classica,http://opml.radiotime.com/Tune.ashx?id=s244379&formats=aac
WVTF Music,https://wvtf.streamguys1.com/wvtf-edge/wvtfmusic-aac-128/icecast.audio
DJ2,https://www.djing.com/tv/s-28062-05-electro-rock.m3u8
radio Italia anni 60 Lombardia,https://radioitaliaanni60.it/fluid/_v41/moduli/dummy.mp3
mujhe,http://web.archive.org/web/20201128210604if_/https://adultswim-vodlive.cdn.turner.com/live/squidbillies/stream_7.m3u8
G10 CHINA SONGS,http://lhttp.qingting.fm/live/20234/64k.mp3
radio goldenwave,http://server-24.stream-server.nl:8452/
89.5 fm KBACH,http://stream.kbaq.org/kbaq_mp3_128
Focus,https://focus.stream.publicradio.org/focus.mp3
IPR Classical,https://classical-stream.iowapublicradio.org/Classical.mp3
AllZic Radio Classic Violon,http://allzic48.ice.infomaniak.ch/allzic48.mp3
Indieparty by Greensleeves,http://stream.laut.fm/indieparty
Record Chill-Out,https://radiorecord.hostingradio.ru/chil96.aacp
JB FM 99.9,https://26673.live.streamtheworld.com/JBFM_SC
Radio Art - Ludovico Einaudi,https://live.radioart.com/fLudovico_einaudi.mp3
CKNO - 102.3FM Now! Radio,https://redirect.jpbgdigital.com/CKNO.m3u8
Rádio Nevasca 104.1 FM,https://cast2.youngtech.radio.br/radio/8110/radio
epwr,http://d.liveatc.net/eppo_s_app
jeff,http://web.archive.org/web/20201128202306if_/https://live-cdn.pbskids.org/out/u/est.m3u8
radio goldenwave,https://server-24.stream-server.nl:18452/
Cope Zaragoza,http://wecast-m01-05.flumotion.com/copesedes/zaragoza.mp3
Calmradio Rossini,https://proxy.calmradio.com:14128/;
Sunny 105 - Feel Good Christmas Variety,https://www.internet-radio.com/servers/tools/playlistgenerator/?u=http://us5.internet-radio.com:8121/listen.pls&t=.pls
"KSRG 88.3 ""Jefferson Public Radio"" Ashland, OR",http://jpr.streamguys.org/jpr-classics
FMRausch: FM Rausch Radio,https://fmrausch.stream.laut.fm/fmrausch
Radio Art - 21st Century,http://air.radioart.com/f21st_Century.mp3
Radio Art - Paris,https://live.radioart.com/fParis.mp3
Radio Art - 20th Century,http://air.radioart.com/f20th_Century.mp3
KUAT Classical 90.5,http://128.196.34.144/t-stream/kuat.m3u8
VPR(Vermont Public Radio) Classical,https://vprclassical.streamguys1.com/vprclassical64.aac
radio maria arabic,http://dreamsiteradiocp4.com:8014/stream
Pocoyo 102.9 AM,https://ga.video.cdn.pbs.org/videos/rootle/4079da95-9a9a-4532-86e5-131248390a5e/2000196692/hd-16x9-mezzanine-1080p/bpwkmaym-hls-16x9-1080p-720p-4500k.m3u8
Calamarrradio,http://www.calamarrradio.org:8000/stream
WNUR 89.3 FM Chicago's Sound Experiment (Northwestern),https://stream.rcs.revma.com/w4pmmfkdx4zuv
Your Classical Radio,https://ycradio.stream.publicradio.org/ycradio.mp3
"KUSU 91.5 HD2 Logan, UT ""UPR Too""",http://uprxstreamer.usu.edu:8002/stream
KGHI FM 91.1,http://173.193.205.96:7341/stream
Radio Art - Shakuhachi,http://air.radioart.com/fShakuhachi.mp3
Radio Art-Overtures,http://air.radioart.com/fOvertures.mp3
RTHK Radio 4,https://bbx.xmgspace.me/radio/rthk4/i/radio4_1@355867/master.m3u8
radio maria arabic,http://dreamsiteradiocp4.com:8014/stream
Colorado Public Radio OpenAir,http://stream1.cprnetwork.org/cpr3_lo
قناة القرآن الكريم,http://mediaserver2.islamicity.com:8000/SaudiTVArabic
RADIO S KIDS,https://5bc45691ca49f.streamlock.net/asmedia/radio_s_kids/playlist.m3u8
klassik new,https://klassikr.streamabc.net/klr-newclassics-mp3-192-1596648?sABC=5s3s8p29%230%23r731s0685son37qn82q119rrn30n0ss5%23Zvdhvqb&=&amsparams=playerid:Miquido;skey:1598000169
Med Muzik,http://137.74.205.201/medmuzik/MedStream/playlist.m3u8
coran kareem,http://m.live.net.sa:1935/live/quransa/playlist.m3u8
JOY GOSPEL RADIO,https://servidor17.brlogic.com:7012/live
Classic FM,http://live.btvradio.bg/classic-fm.mp3
Stilok,http://streaming1.steigerstudios.nl/stilok-mp3
Radiobrand,http://radiobrand.es:8084/
Βeton7Art,https://uk1.streamingpulse.com/ssl/b7artradio
"WEMC 91.7 Harrisonburg, VA",http://media.wmra.org:8000/wemc
Cudi,https://denge-cudi.stream.laut.fm/denge-cudi
103.9 rock,https://icast.connectmedia.hu/5301/live.mp3
Radio Cafe Zimmermann,https://server35460.streamplus.de/stream.mp3
"KRCU 90.9 ""Southeast Public Radio"" Cape Girardeau, MO",http://krculive.semo.edu:8000/128k
Győr+,https://stream.42netmedia.com:8443/sc_gyor1
"WYSU 88.5 Youngstown, OH",http://live.wysu.org:3180/hd1
Radio Art - Maria Callas,https://live.radioart.com/fMaria_callas.mp3
Radio Art - Work,http://air.radioart.com/fFor_work.mp3
Radio Record,https://radiorecord.hostingradio.ru/rr_main96.aacp
Egor Letov - Grazhdanskaja oborona,https://str3.pcradio.ru/Grazhdanskaja_oborona-hi
Power Paraná,https://player.xcast.com.br/proxy/7232/
Klassik Radio - Movie,https://edge60.streams.klassikradio.de/klassikradio-movie
Radio 357,https://stream.rcs.revma.com/ye5kghkgcm0uv
上海经典音乐广播,http://l3.smgtech.net/AppName/947.m3u8
https://turkmedya-live.ercdn.net/tv24/tv24.m3u8,https://turkmedya-live.ercdn.net/tv24/tv24.m3u8
DR P2,http://live-icy.dr.dk/A/A04H.mp3.m3u
SMOOTH FM,https://smoothfm-atunwadigital.streamguys1.com/smoothfm
Radio Univers,http://sv3.vestaradio.com/RadioUnivers
EL PASO Nederlandstalig,http://radio.paso.network:8090/radio.mp3
WRCJ 90.9 FM,http://pnj-01.stream101.com:9035/live
Classical HQR 92.7,https://whqr.streamguys1.com/whqr_hd2
Kulturalkanal-Laut.fm,https://laut.fm/kulturkanal
HearMe-Beethoven,http://hearme.fm:10003/stream
dee Jay full time radio,https://djft.radioca.st/
Radio Art - Yo Yo Ma,http://air.radioart.com/fYo_yo_ma.mp3
Radio Swiss Classic,http://stream.srg-ssr.ch/m/rsc_de/aacp_96
KMUC,https://playerservices.streamtheworld.com/api/livestream-redirect/KBIAHD2.mp3
قناة السنة النبوية,http://mediaserver2.islamicity.com:8000/SaudiTVEnglish
WNMU-FM Public radio 90,http://war.str3am.com:8590/wnmu-low
النهج الواضح,https://node33.obviousapproach.com:9000/stream
alr,http://66.94.97.200:8638/stream
KAMRME,https://stream-12.zeno.fm/wxn43ghqtceuv?zs=f3XTrBEvTc2kKFATGuulxA
RASSSTYLE FM,http://node-04.zeno.fm/gf58b0pt5x8uv?zs=bnQ-9HKDSYWQ9OhK-tzTTA&rj-tok=AAABgZZi7QgAuMoWjd-yIkdVgA&rj-ttl=5
985,https://play.radiofoshan.com.cn/live/1400389414_BSID_41_audio.m3u8
"Zap! FM  Oldies, Pop",https://zapstream.nl:8443/1
Hangulat retró,http://79.139.60.24:8000/telstar
RetroFM,http://retro128.streamr.ru/
WBGU,https://dvstream2.bgsu.edu/wbgu
Beethoven Channel,http://server5.radio-streams.net:8021/stream
RE,http://allzic43.ice.infomaniak.ch/allzic43.mp3
DIASPORA FM,https://s2.radio.co/sa399cbc39/listen
Radio face black,http://ca3.rcast.net:8016/;
WVIK,https://wvik.streamguys1.com//live.mp3
Radio Art - Wind,http://air.radioart.com/fWind_works.mp3
Radio Art - Tokyo,https://live.radioart.com/fTokyo.mp3
WETS(East Tennessee State University)-FM HD3  CLASSICAL STREAM,https://wets-fm.streamguys1.com/live-3
KFUO Christ for You. Anytime. Anywhere,https://kfuo.streamguys1.com/kfuo
GUKENA,http://gukenafm-atunwadigital.streamguys1.com/gukenafm
Nick Jr. 102.9 FM,https://adultswim-vodlive.cdn.turner.com/live/aqua-teen/stream.m3u8
radiosense,https://stream1.virtualisan.net/prx/4800/stream.mp3
Risefm deep,https://stream1.virtualisan.net/prx/8080/risefm_deephouse_hq
WQXR 105.9 FM,http://wnyc-wqxr-ice.streamguys.com/wqxr
Scalla,http://hts02.kshost.com.br:9710/
RE,http://allzic43.ice.infomaniak.ch/allzic43.mp3
Misterium II,http://streamingv2.shoutcast.com/misterium-ii
RAFIN,http://stream.laut.fm/rafin.pls
Radio Art - Philip Glass,https://live.radioart.com/fPhilip_glass.mp3
Radio Art - Rome,https://live.radioart.com/fRome.mp3
Radio SRF 2 Kultur,https://stream.srg-ssr.ch/m/drs2/aacp_96
Radio Art - Classical Crossover,https://live.radioart.com/fClassical_crossover.mp3
Binar Klasika,https://edge17.cdn.bg:20030/fls/BINAR-Classic.stream/playlist.m3u8
chain3,https://webradio.tda.dz/Chaine3_64K.mp3
4,http://198.204.228.202:8030/flac
RTÉ lyric fm,https://liveaudio.rte.ie/hls-radio/lyric/chunklist.m3u8
1,http://198.204.228.202:8160/flac
Beethoven Channel,https://beethovenstream.com:8012/
R,http://rootslegacy.fr:8080/listen1
RTÉ lyric fm,http://icecast.rte.ie/lyric
KPIG,http://stream.kpig.com/e1ebc6a5-1517-9ccb-51f5-1accff3aec49-128.mp3
SECTOR 80s,http://89.223.45.5:8000/geny-flac
Radio Hit,http://46.170.199.85:8000/
Hangulat disco,http://79.139.60.24:8000/mixfm
Новая волна,http://volgograd.sv-veter.ru:8008/nv_online
ArtSound FM 90.3,http://119.15.96.188/stream2.mp3
Metro Virtuoso,https://eu1.reliastream.com/proxy/mvr?mp=/MVR
Radio Folclore Necochea,https://server.laradio.online/proxy/sergio_melgarejo?mp=/stream&1649758556230=
6coup.fm,http://stream.zeno.fm/p4cea0p314zuv
3,http://198.204.228.202:8539/flac
La Capital del Sol,https://play.adtonos.com/la-capital-del-sol
Noggin 102.9 FM,https://adultswim-vodlive.cdn.turner.com/live/squidbillies/stream_7.m3u8
GHETT,http://stream.zeno.fm/kvudezx1h2zuv
RNE Clásica,https://rtvelivestream.akamaized.net/segments/rne/rne_r2_main.m3u8
ROOTS FM,http://rootslegacy.fr:8080/listen1
Siesta radio,http://164.68.119.133:8000/siesta.mp3
Radio Cafe Zimmermann,https://stream.radio-cafezimmermann.de/klassik/mp3-192/
SMOOTH FM,http://smoothfm-atunwadigital.streamguys1.com/smoothfm
[RockTime-Radio],http://a9.radioheart.ru:8049/rocktime
Classical California KDFC,https://128.mp3.pls.kdfc.live/
Radio Zet,http://www.emsoft.ct8.pl/inne/zet.m3u
89.5 KBACH,http://stream.kbaq.org/kbaq_mp3_128
NRG FM,https://streamingv2.shoutcast.com/nrg-radio-ke
Clare FM,http://edge.audioxi.com/CLAREFM
WYSU 88.5 All Classical,https://live.streamguys1.com:3181/hd2
Radio Art - Today’s Sopranos,https://live.radioart.com/fTodays_Sopranos.mp3
INOORO FM,http://35.154.154.231:1935/inoorofm/inoorofm/playlist.m3u8
GUKENA FM,http://gukenafm-atunwadigital.streamguys1.com/gukenafm
Radio SRF 2 Kultur,https://stream.srg-ssr.ch/m/drs2/aacp_32
chain3,https://webradio.tda.dz/Chaine3_64K.mp3
6,http://198.204.228.202:8157/flac6
CORO FM,http://node-28.zeno.fm/xv5375hfkbruv?rj-ttl=5&rj-tok=AAABgd5uXC4A2fHGaazSrtnlEA
EL PASO 90s,http://radio.paso.network:8020/radio.mp3
Allegro Musics,http://airtime.allegromusics.com:8000/radio?type=.mp3/;stream.mp3
DIASPORA FM,https://s2.radio.co/sa399cbc39/listen
RTL,http://icecast.rtl.fr/rtl-1-44-128?listen=webCwsBCggNCQgLDQUGBAcGBg
Aah Classical Radio - Bach,http://hearme.fm:10001/stream
Beats By Berks,https://173.82.174.92:8000/radio.mp3
CAPITAL FM,https://atunwadigital.streamguys1.com/capitalfm
One Live,http://wdr-1live-live.icecast.wdr.de/wdr/1live/live/mp3/128/stream.mp3
Radio UdeC - Universidad de Concepción,https://audio.divalstream.com:7019/stream
radio oboz classical,https://radio-stream-2.obozrevatel.com/Classica128.mp3
Radio Universidad Tecnica Federico Santa Maria (UTFSM),https://streamssl.eu:1288/stream
MDR Jump,http://mdr-284320-0.cast.mdr.de/mdr/284320/0/mp3/high/stream.mp3
Break Pirazes,http://bpstream.hostco.de:3000/
DEX,http://equinox.shoutca.st:8474/stream
Radio Art - Overtures,https://live.radioart.com/fOvertures.mp3
96.5 LA PLATA - LA N°1 EN ÉXITOS,https://sonicpanel.globalstream.pro/8106/stream
GUKENA FM,http://gukenafm-atunwadigital.streamguys1.com/gukenafm
WQXR Web Live,http://stream.wqxr.org/wqxr.aac
WCPE The Classical Station,http://audio-ice1.ibiblio.org:8000/wcpe48.aac
hr2-kultur,https://hlshr2.akamaized.net/hls/live/2016534/hr2/master.m3u8
jaja cba,https://streaming5.locucionar.com/proxy/radiojaja?mp=/stream
HOPE FM,http://node-01.zeno.fm/d8wnae102zquv?zs=RRSz0dqYSxmDDcQ5Lz3y9Q&rj-tok=AAABgdoy7bQAVHvT5ei5ATzVPQ&rj-ttl=5
ofm stasie2,https://edge.iono.fm/xice/47_high.aac
5,http://198.204.228.202:8643/flac5
AIR Lucknow,https://air.pc.cdn.bitgravity.com/air/live/pbaudio046/chunklist.m3u8
247house.fm,http://247house.fm:9500/stream
ROOTS FM,http://rootslegacy.fr:8080/listen1
NPO Radio4,http://icecast.omroep.nl/radio4-bb-mp3
WQED Pittsburgh,http://ice-1.streamhoster.com/lv_wqed--893
CLASSIC 105 FM,https://classic105-atunwadigital.streamguys1.com/classic105
Retro rádió,https://icast.connectmedia.hu/5001/live.mp3
Radio Parole de Vie,https://radioparoledevie.ice.infomaniak.ch/radioparoledevie-128.mp3
Radio Cafe Zimmermann,https://server35460.streamplus.de/stream.mp3
hr2-kultur | mp3/low,https://dispatcher.rndfnk.com/hr/hr2/live/mp3/low
RTL,http://icecast.rtl.fr/rtl-1-44-128?listen=webCwsBCggNCQgLDQUGBAcGBg
INOORO,http://35.154.154.231:1935/inoorofm/inoorofm/playlist.m3u8
Classical KDFC,https://14083.live.streamtheworld.com/KDFCFMAAC64.aac
Amigos de Cristo Web Rádio,http://sv14.hdradios.net:6860/;?type=http&nocache=38
"KSUT Four Corners Public Radio Ignacio, CO",http://ksut.streamguys1.com/ksut
Ngen,http://ksbj.streamguys1.com/national/ngen.aac
WCPE The Classical Station,http://audio-ogg.ibiblio.org:8000/wcpe.ogg
HOPE FM,http://node-01.zeno.fm/d8wnae102zquv?zs=RRSz0dqYSxmDDcQ5Lz3y9Q&rj-tok=AAABgdoy7bQAVHvT5ei5ATzVPQ&rj-ttl=5
MWANASPOTI FM,http://node-14.zeno.fm/3ka1cnzkg0quv?rj-ttl=5&rj-tok=AAABgdsf7_EAYaVRpWPPeVKHTw
AIR Silchar,https://air.pc.cdn.bitgravity.com/air/live/pbaudio090/chunklist.m3u8
CBH-FM,http://cbcmp3.ic.llnwd.net/stream/cbcmp3_cbc_r2_hfx
ROOTS FM,http://rootslegacy.fr:8080/listen1
SMOOTH FM,https://smoothfm-atunwadigital.streamguys1.com/smoothfm
Easy Network Classic,https://sphera.fluidstream.eu/easy_classica.mp3
9000stream,http://piratenstreams.nl:9000/stream
Radio Campania Classic,https://live.radiocampania.eu/radio/8040/radio.mp3
ALLIZINIC FM,http://allzic43.ice.infomaniak.ch/allzic43.mp3
"Yle Radio Suomi, Pohjanmaa",https://icecast.live.yle.fi/radio/YlePohjanmaa/icecast.audio
Radio Art - Music for Moms,https://live.radioart.com/fMusic_for_moms.mp3
DEX,http://equinox.shoutca.st:8474/stream
Radio Legislatura,http://186.189.66.4:8100/source
Classical KDFC,https://23243.live.streamtheworld.com/KDFCFMAAC96.aac
CORO FM,http://node-28.zeno.fm/xv5375hfkbruv?rj-ttl=5&rj-tok=AAABgd5uXC4A2fHGaazSrtnlEA
jovembsk,https://node-03.zeno.fm/6t7158qydy8uv?zs=bNXBgsKNSoGVuaHuYUJwFg&rj-tok=AAABgbsmbdcATlkpfkr9CyHLLA&rj-ttl=5
jovembsk,https://node-03.zeno.fm/6t7158qydy8uv?zs=bNXBgsKNSoGVuaHuYUJwFg&rj-tok=AAABgbsmbdcATlkpfkr9CyHLLA&rj-ttl=5
Idź Pod Prąd FM,http://idzpodprad.out.airtime.pro:8000/
Radio Nowy Świat,https://stream.nowyswiat.online/mp3
JUJA FM,http://node-08.zeno.fm/5w8y7wcf9x8uv?zs=xwoBg8DVTx2jYRhHsWgHXw&rj-ttl=5&rj-tok=AAABgd0zU_MAeAXH963aX0f2Wg
ERFM,https://perceval.erfm.fr/radio
Groove Salad Classic (Early 2000s Ambient),https://somafm.com/gsclassic.pls
n5MD Radio (Ambient and Experimental),https://somafm.com/n5md.pls
Vaporwaves [SomaFM],https://somafm.com/vaporwaves.pls
The Trip: [SomaFM],https://somafm.com/thetrip.pls
Heavyweight Reggae,https://somafm.com/reggae.pls
Metal Detector,https://somafm.com/metal.pls
Synphaera Radio (Space Music),https://somafm.com/synphaera.pls
Radio Levač (Serbian Folk & Country),http://213.239.205.210:8046/stream
"Radio 35 (Serbian and English Pop, Folk, Country & Hits)",http://stream.radio035.net:8010/listen.pls
